,body_mass
Abydosaurusmcintoshi,9.633534583
Aegyptosaurusbaharijensis,9.520497736
Arrudatitanmaximus,9.416715589
Aeolosaurusrionegrinus,9.385236859
Alamosaurussanjuanensis,10.30128652
AmanziaCetiosauriscusgreppini,8.480582998
Amargasauruscazaui,9.178196316
Amargatitanismacni,9.288377949
Ampelosaurusatacis,8.945670818
Amphicoeliasaltus,10.14121085
Analongchuanjieensis,9.237252611
Andesaurusdelgadoi,9.79442756
Angolatitanadamastor,9.368112272
Anhuilongdiboensis,9.134400859
Antarctosaurusbrasiliensis,10.19500392
Antarctosaurusgiganteus,10.35654374
Antarctosaurussp.,10.61288954
Antarctosauruswichmannianus,10.36982919
Antetonitrusingenipes,8.56464853
Apatosaurusajax,10.12711327
Apatosaurusexcelsus,10.16837869
Apatosauruslouisae,10.45211164
Apatosaurusparvus,9.976126325
Aragosaurusischiaticus,9.79215297
Argentinosaurushuinculensis,11.241
Argyrosaurussuperbus,10.26653445
Atacamatitanchilensis,8.437567532
Atlasaurusimelakei,10.01575557
Australotitancooperensis,10.78949629
Bagualiaalba,6.907755279
Barapasaurustagorei,8.53530609
Barosauruslentus,11.002
Bellusaurussui,6.932042298
Borealosauruswimani,8.629905463
Brachiosaurusaltithorax,11.04751494
Brachytrachelopanmesai,9.435900945
Bravasaurusarreirosorum,7.879452208
BrontosaurusEobrontosaurusyahnahpin,9.79442756
Camarasaurusgrandis,9.677642653
Camarasauruslentus,10.068
Camarasauruslewisi,9.469181948
Camarasaurussupremus,10.18468765
Cathartesauraanaerobica,9.387665131
Cedarosaurusweiskopfae,9.441505145
Cetiosauriscusstewarti,10.02595939
Cetiosaurusoxoniensis,10.04251938
Chuanjiesaurusanaensis,9.579900415
Chubutisaurusinsignis,10.06697724
Comahuesauruswindhauseni,9.488888189
DahklaFormationindet,7.783856876
Dashanpusaurusdongi,9.209598963
Daxiatitanbinglingi,10.34318845
Demandasaurusdarwini,7.967788743
Diamantinasaurusmatildae,9.967704195
Dicraeosaurushansemanni,8.771039385
Dicraeosaurussattleri,9.12596571
Diplodocuscarnegiei,9.579900415
Diplodocushallorum,10.14844931
Dongbeititandongi,9.520497736
Dreadnoughtusschrani,10.79407025
Duriatitanhumerocristatus,9.889578157
Dyslocosauruspolyonychius,9.313991513
Dystrophaeusviaemalae,8.011589665
Elaltitanlilloi,10.36341756
Eomamenchisaurus,8.660680481
Epachthosaurussciuttoi,9.371761464
Erketuellisoni,9.338090749
Euhelopuszdanskyi,8.459078747
Europasaurusholgeri,7.184008995
Ferganasaurusverzilini,9.002869488
Fukuititannipponensis,8.873571851
Fusuisauruszhaoi,10.20539762
Futalognkosaurusdukei,10.37781843
Galeamopushayi,9.576417369
Galeamopuspabsti,8.582819243
Galveosaurusherreroi,10.31835588
Garrigatitanmeridionalis,8.030923419
Giraffatitanbrancai,10.73988314
Gobititanshenzhouensis,9.853750806
Gondwanatitanfaustoi,8.304807859
Gongxianosaurusshibeiensis,10.04518813
Haestasaurusbecklesii,8.528679175
Haplocanthosaurusdelfsi,10.23024418
Haplocanthosauruspriscus,9.818550038
Huabeisaurusallocotus,9.812851289
Huangshanlonganhuiensis,9.134400859
Ingentiaprima,8.011589665
Isanosaurusattavipachi,8.042783356
Isisauruscolberti,9.670271764
Jainosaurusseptentrionalis,9.279569163
Janenschiarobusta,9.464411895
Jiangshanosauruslixianensis,9.833383022
Jobariatiguidensis,10.13897183
Jordantaxon,7.496151339
Kaijutitanmaui,9.908189539
Klamelisaurusgobiensis,9.192517955
Kotasaurusyamanpalliensis,8.661281214
Kunmingosauruswudingensis,7.967788743
Laplatasaurusaraukanicus,9.104
Ledumahadimafube,9.342136448
Lessemsaurussauropoides,8.123636502
Ligabuesaurusleanzai,9.71051215
Limaysaurustessonei,9.339600675
Lingwulongshenqi,9.658668367
Lirainosaurusastibiae,9.177949282
Lohuecotitanpandafilandi,8.561851592
Losillasaurusgiganteus,10.54471543
Lourinhasaurusalenquerensis,10.17032712
Lusotitanatalaiensis,10.2463184
Magyarosaurusdacus,6.618935028
Malawisaurusdixeyi,8.480582998
Mamenchisaurusconstructus,9.646737456
Mamenchisaurushochuanensis,9.711931714
Mamenchisaurusyoungi,8.661281214
Mansourasaurusshahinae,8.806927819
Maxakalisaurustopai,8.877235662
Mendozasaurusneguyelap,9.237252611
Meroktenosthabanensis,6.994281902
Mierasaurusbobyoungi,9.25269762
Mnyamawamtukamoyowamkia,8.629905463
Moabosaurusutahensis,9.566314119
MPEFPV3098,10.34582812
Muyelensauruspecheni,7.413988835
Narambuenatitanpalomoi,8.723744595
Neuquensaurusaustralis,8.391176341
Nigersaurustaqueti,7.851487213
Notocolossusgonzalezparejasi,10.8084275
Oceanotitandantasi,9.174524555
Omeisaurusjiaoi,9.051509455
Omeisaurusjunghsiensis,8.999792124
Omeisaurusmaoianus,9.126450233
Omeisaurusmaoianus2,8.873571851
Omeisauruspuxiani,8.593660446
Omeisaurustianfuensis,9.268050081
Opisthocoelicaudiaskarzynskii,9.994974939
Paludititannalatzensis,7.86428995
Panamericansaurusschroederi,9.286647248
Paralititanstromeri,10.64034134
Patagosaurusfariasi,9.933632998
Patagotitanmayorum,10.79296487
Pellegrinisauruspowelli,9.104791127
Petrobrasauruspuestohernandezi,9.690395045
Phuwiangosaurussirindhornae,9.290589165
Pitekunsaurusmacayai,8.641215884
Qingxiusaurusyoujiangensis,9.350872355
Rapetosauruskrausei,9.435900945
Rayososaurusagrioensis,8.352037494
Rebbachisaurusgarasbae,9.543508567
Rhoetosaurusbrownei,10.01489902
Rinconsauruscaudamirus,8.083526037
Rukwatitanbisepultus,8.705150472
Ruyangosaurusgiganteus,10.70742835
Saltasaurusloricatus,8.849342899
Sanpasaurusyaoi,8.143984675
Sauropodaindet.1,7.21047244
Sauropodaindet.2,7.383066357
Sauroposeidonproteles,10.98977188
Savannasauruselliottorum,10.19299188
Schleitheimia,7.724559333
Shingopanasongwensis,8.705150472
Shunosauruslii,8.740829744
Sonorasaurusthompsoni,9.603243405
Soriatitangolmayensis,8.179911189
Spinophorosaurusnigerensis,9.134745027
Suuwasseaemilieae,9.190257021
Tangvayosaurushoffeti,10.02250514
Tapuiasaurusmacedoi,8.936243968
Tastavinsaurussanzi,9.387665131
Tazoudasaurusnaimi,9.184110538
Tehuelchesaurusbenitezii,10.2463184
Titanosauriaindet.,10.90373768
Titanosauriaindet.LosBastos,7.812007676
Tobaindet.Titanosauriform,10.34166203
Tonganosaurushei,8.418339201
Tornieriaafricana,9.371761464
Traukutitaneocaudata,10.36982919
Trigonosauruspricei,8.641215884
Turiasaurusriodevensis,10.75916241
Uberabatitanribeiroi,7.950823837
Volkheimeriachubutensis,7.306860311
Vouivriadamparisensis,9.551713328
Vulcanodonkaribaensis,9.077457495
Wintonotitanwattsi,10.11298537
Xianshanosaurusshijiagouensis,9.529726936
Xinjiangtitanshanshanesis,10.38304551
Yuanmousaurusjiangyiensis,8.873571851
Yunmenglongruyangensis,10.78172556
Zapalasaurusbonapartei,8.924604089
Zbyatlanticus,10.26653445
Zhuchengtitanzangjiazhuangensis,10.23002902