ID,Sex,Year,OD,PA,SVL,BMI,mg_kg,OL
NASA3021,1,2007,213,10.76459873,92.5,0.210810811,0.0552,0
NASA3021,1,2012,117,15.49798447,116.5,0.210300429,0.1882,0
NASA3112,1,2010,190,15.16519638,109,0.21559633,0.1297,0
NASA3113,2,2010,200,14.36823258,127,0.220472441,0.2376,0
NASA3118,1,2010,207,11.09236568,94,0.218085106,0.0926,0
NASA3121,1,2009,99,19.36158681,119,0.218487395,0.1346,0
NASA3210,2,2009,132,12.77670646,118.5,0.210970464,0.0752,0
NASA3213,1,2009,127,28.713193,130,0.192307692,0.1746,0
NASA3218,2,2010,225,8.284737376,88.5,0.209039548,0.0926,0
NASA3222,1,2010,229,16.82492481,113.5,0.22907489,0.0971,0
NASA3223,2,2010,229,21.74075384,155,0.216129032,0.1999,0
NASA3224,2,2010,229,16.29809494,136,0.224264706,0.2084,0
NASA3402,2,2009,105,14.17066296,126,0.206349206,0.0948,0
NASA5008,1,2009,20,21.17428079,117,0.230769231,0.2428,0
NASA5036,1,2007,190,13.90069774,105,0.214285714,0.0915,0
NASA5037,1,2007,190,15.5095321,110,0.25,0.1238,0
NASA5042,2,2007,213,12.68877791,118,0.220338983,0.168,0
NASA5042,2,2011,216,16.69699709,145,0.231034483,0.2538,0
NASA5047,2,2007,232,19.44386603,148,0.195945946,0.0843,0
NASA5049,2,2007,232,17.77106833,142,0.228873239,0.1832,0
NASA5050,2,2007,232,20.37515728,151,0.208609272,0.0831,0
NASA5051,1,2007,278,17.11175805,114.2,0.210157618,0.1335,0
NASA5053,1,2007,290,25.07856448,127,0.192913386,0.2402,0
NASA5053,1,2008,31,25.36875088,124,0.183467742,0.1585,0
NASA5061,2,2007,310,26.05639431,165,0.209393939,0.1371,0
NASA5062,1,2007,310,23.27828056,125,0.236,0.2363,0
NASA5064,2,2007,325,24.58804967,162,0.24382716,0.2053,0
NASA5066,2,2007,325,30.43959501,172,0.234011628,0.0946,0
NASA5067,2,2007,333,11.19609039,109,0.252293578,0.0917,0
NASA5068,2,2007,338,19.74640422,149,0.191275168,0.3868,0
NASA5068,2,2013,23,24.88339052,153.5,0.188925081,0.3725,0
NASA5070,2,2007,338,16.77001892,138,0.195652174,0.2862,0
NASA5074,1,2007,347,14.51196424,107,0.228971963,0.0913,0
NASA5081,2,2007,365,18.1146449,143.3,0.223307746,0.125,0
NASA5082,1,2007,365,27.33139411,129,0.210077519,0.1753,0
NASA5083,2,2011,104,23.58063673,155,0.180645161,0.2198,0
NASA5085,1,2008,29,14.51196424,107,0.219626168,0.1146,0
NASA5087,2,2008,29,29.00915239,170,0.161764706,0.151,0
NASA5092,2,2008,31,19.44386603,148,0.22972973,0.1277,0
NASA5095,2,2008,36,26.58993202,166,0.225903614,0.2874,0
NASA5095,2,2011,117,29.81184983,161,0.217391304,0.098,0
NASA5105,2,2013,23,29.97552759,164,0.173780488,0.1116,0
NASA5125,2,2008,80,23.28309309,159,0.216981132,0.1507,0
NASA5132,1,2008,88,17.45077182,115,0.2,0.1097,0
NASA5132,1,2009,85,18.44593613,113.5,0.196035242,0.1248,0
NASA5147,1,2008,114,13.32609332,103,0.237864078,0.1133,0
NASA5152,2,2008,116,22.87831206,158,0.180379747,0.1577,0
NASA5152,2,2008,137,22.93568911,158,0.17721519,0.1526,0
NASA5156,2,2009,140,27.64472654,165,0.221212121,0.2751,0
NASA5164,2,2008,127,24.36026257,161.5,0.20123839,0.1494,0
NASA5164,2,2009,26,25.08722566,160,0.165625,0.2376,0
NASA5166,2,2008,127,24.82034314,162.5,0.203076923,0.084,0
NASA5167,1,2009,128,28.33687356,130,0.209615385,0.2186,0
NASA5168,2,2009,321,21.59093813,155,0.222580645,0.1128,0
NASA5177,1,2008,144,24.13359233,126,0.238095238,0.1884,0
NASA5183,2,2014,100,31.42944841,163,0.214723926,0.2179,0
NASA5188,1,2008,155,20.48993924,121,0.200413223,0.4451,0
NASA5195,2,2010,197,18.26502576,146,0.229452055,0.1774,0
NASA5203,2,2011,272,14.9608013,146.5,0.225255973,0.1881,0
NASA5204,2,2008,169,11.35418788,110,0.209090909,0.1374,0
NASA5207,2,2014,289,23.09604632,142,0.211267606,0.3109,0
NASA5212,2,2010,295,23.72695393,163,0.217791411,0.1246,0
NASA5212,2,2010,343,23.85846078,157,0.229299363,0.1057,0
NASA5213,2,2008,177,18.30369737,144,0.232986111,0.0976,0
NASA5214,1,2008,177,14.51196424,107,0.168224299,0.1805,0
NASA5229,1,2008,192,30.34836249,131,0.240458015,0.1519,0
NASA5253,1,2008,227,24.13359233,126,0.214285714,0.173,0
NASA5253,1,2010,236,26.16098959,129,0.203488372,0.226,0
NASA5256,2,2008,228,23.49080049,159.5,0.24137931,0.1979,0
NASA5257,2,2008,228,17.01282837,139,0.230215827,0.2448,0
NASA5265,2,2008,256,22.10798388,156,0.153846154,0.5097,0
NASA5267,2,2008,270,22.87831206,158,0.248417722,0.1691,0
NASA5274,1,2008,270,11.90183593,97.5,0.2,0.1207,0
NASA5286,1,2008,283,25.07856448,127,0.222440945,0.2209,0
NASA5289,2,2008,288,12.51462642,117,0.213675214,0.2056,0
NASA5297,2,2008,289,43,187.2,0.225694444,0.1098,0
NASA5299,2,2009,173,27.27154741,163,0.214723926,0.1239,0
NASA5328,1,2010,56,23.01296932,127,0.200787402,0.3422,0
NASA5348,2,2009,16,25.05733012,163,0.205521472,0.1752,0
NASA5348,2,2011,349,27.96965889,160,0.20625,0.3181,0
NASA5349,1,2009,16,21.11103461,122,0.204918033,0.0358,1
NASA5365,2,2009,37,23.702227,160,0.21875,0.1988,0
NASA5369,2,2009,203,22.17637028,156,0.235576923,0.1386,0
NASA5371,2,2009,44,17.513135,141,0.210992908,0.235,0
NASA5376,1,2009,56,16.23844746,112,0.214285714,0.2932,0
NASA5379,1,2012,121,21.74821086,120,0.2125,0.0868,0
NASA5387,2,2009,72,17.01282837,139,0.221223022,0.1919,0
NASA5411,1,2009,168,13.46655998,103.5,0.217391304,0.067,0
NASA5411,1,2010,74,14.20902573,105,0.204761905,0.101,0
NASA5413,1,2009,173,31,135,0.216666667,0.1878,0
NASA5414,2,2009,173,13.97604704,125,0.224,0.1914,0
NASA5422,1,2009,198,31,133.5,0.220973783,0.1766,0
NASA5428,1,2009,203,22.49691656,124,0.221774194,0.0916,0
NASA5430,2,2009,209,16.06861806,135,0.212962963,0.1555,0
NASA5450,1,2009,264,27.33139411,129,0.205426357,0.159,0
NASA5472,2,2011,244,33.91192822,176,0.232954545,0.0603,0
NASA5475,1,2009,308,15.16519638,109,0.194954128,0.0859,0
NASA5483,2,2009,308,16.29809494,136,0.235294118,0.2344,0
NASA5487,2,2009,317,23.702227,160,0.21875,0.1851,0
NASA5491,1,2009,324,23.27828056,125,0.228,0.0971,0
NASA5494,2,2009,324,17.26046335,140,0.203571429,0.2541,0
NASA5505,2,2009,351,14.17066296,126,0.226190476,0.166,0
NASA5510,1,2009,365,15.5095321,110,0.222727273,0.146,0
NASA5517,2,2010,27,36.27002469,178,0.223314607,0.1578,0
NASA5517,2,2014,94,40.45358634,172,0.172965116,0.2519,0
NASA5517,2,2014,142,40.58509319,174,0.162356322,0.1941,0
NASA5519,2,2010,27,20.05669156,150,0.23,0.4501,0
NASA5519,2,2010,60,20.14710251,150,0.236666667,0.5679,0
NASA5527,1,2010,29,18.35683544,117,0.217948718,0.275,0
NASA5528,2,2014,37,27.72414481,156,0.179487179,0.2271,0
NASA5533,2,2010,41,20.70226697,152,0.202302632,0.4014,0
NASA5534,2,2010,46,16.53183664,137,0.222627737,0.2787,0
NASA5537,2,2010,46,13.97604704,125,0.212,0.1886,0
NASA5537,2,2011,326,15.74317033,130,0.207692308,0.1736,0
NASA5539,2,2010,56,22.10798388,156,0.16025641,0.6913,1
NASA5542,1,2010,56,16.62531474,113,0.212389381,0.1591,0
NASA5545,1,2010,60,16.62531474,113,0.203539823,0.1219,0
NASA5548,2,2010,70,18.86048016,146,0.174657534,0.2389,0
NASA5549,1,2010,74,15.5095321,110,0.222727273,0.121,0
NASA5550,2,2010,74,19.14868041,147,0.207482993,1.0674,1
NASA5576,2,2010,97,19.14868041,147,0.231292517,0.1356,0
NASA5592,2,2012,121,18.96536224,142,0.218309859,0.0169,1
NASA5592,2,2012,342,19.57020542,142,0.242957746,0.0441,0
NASA5602,2,2010,260,25.05733012,163,0.236196319,0.1912,0
NASA5603,2,2010,260,13.13431311,120.5,0.22406639,0.1009,0
NASA5604,1,2010,260,18.84551367,118,0.228813559,0.2129,0
NASA5606,2,2010,314,17.64142931,141.5,0.204946996,0.1081,0
NASA5607,1,2010,302,26.13451437,128,0.19921875,0.2006,0
NASA5609,2,2010,302,21.03852675,153,0.200980392,0.1452,0
NASA5609,2,2012,9,22.23572714,154,0.136038961,0.2092,0
NASA5615,1,2010,314,20.48993924,121,0.198347107,0.2006,0
NASA5627,1,2010,355,18.84551367,118,0.190677966,0.1685,0
NASA5657,1,2011,104,23.27828056,125,0.236,0.1395,0
NASA5658,2,2011,82,8.87736196,93,0.209677419,0.0481,0
NASA5661,1,2011,104,15.8669241,111,0.202702703,0.1289,0
NASA5669,1,2011,133,10.65767498,92,0.203804348,0.0882,0
NASA5671,2,2014,255,31.05161958,170.5,0.219941349,0.1349,0
NASA5688,1,2011,227,23.27828056,125,0.212,0.2861,0
NASA5688,1,2014,216,26.24814358,124,0.151209677,0.2302,0
NASA5691,1,2011,237,12.14582592,98.5,0.223350254,0.1498,0
NASA5695,1,2011,259,28.713193,130,0.219230769,0.2436,0
NASA5696,2,2011,280,10.5808554,105,0.228571429,0.113,0
NASA5697,1,2011,280,12.91654365,101.5,0.221674877,0.1886,0
NASA5712,2,2012,5,21.38448817,154,0.233766234,0.1471,0
NASA5712,2,2013,44,22.49133749,155,0.225806452,0.1708,0
NASA5715,2,2012,9,18.57892467,145,0.227586207,0.1926,0
NASA5716,1,2012,9,17.02890056,114,0.210526316,0.4213,0
NASA5747,2,2012,83,13.78428717,124,0.225806452,0.2681,0
NASA5749,1,2012,121,9.646092846,87,0.215517241,0.1258,0
NASA5750,2,2012,121,22.48690355,157,0.200636943,0.1148,0
NASA5751,1,2012,125,15.16519638,109,0.197247706,0.1197,0
NASA5753,2,2012,125,17.77106833,142,0.214788732,0.2909,0
NASA5768,1,2012,163,14.83295933,108,0.199074074,0.1008,0
NASA5769,1,2012,163,13.60910488,104,0.197115385,0.0871,0
NASA5772,2,2012,205,9.148164536,95,0.210526316,0.0825,0
NASA5773,2,2012,205,8.87736196,93,0.198924731,0.0963,0
NASA5779,2,2012,229,14.97971523,130,0.211538462,0.3544,0
NASA5780,2,2012,230,32.07357206,174,0.212643678,0.0394,0
NASA5781,1,2012,233,10.87266989,93,0.220430108,0.1191,0
NASA5783,2,2012,265,24.1368056,161,0.195652174,0.0738,0
NASA5784,2,2012,279,9.35446396,96.5,0.21761658,0.2669,0
NASA5785,2,2012,307,29.70219298,171,0.228070175,0.2209,0
NASA5788,1,2012,312,13.75379431,104.5,0.205741627,0.144,0
NASA5790,2,2012,318,23.07897217,158.5,0.205047319,0.0823,0
NASA5791,1,2012,318,14.51196424,107,0.210280374,0.0874,0
NASA5793,2,2012,335,18.86048016,146,0.205479452,0.186,0
NASA5793,2,2014,157,20.37804136,144,0.184027778,0.2315,0
NASA5796,1,2012,342,22.49691656,124,0.201612903,0.1271,0
NASA5797,2,2012,356,28.3553636,169,0.224852071,0.159,0
NASA5799,1,2012,356,30.34836249,131,0.194656489,0.1539,0
NASA5807,2,2013,23,19.44386603,148,0.233108108,0.2063,0
NASA5808,2,2013,23,10.73218294,106,0.221698113,0.2213,0
NASA5814,1,2013,31,10.13936508,89.5,0.217877095,0.1477,0
NASA5815,1,2013,31,15.5095321,110,0.195454545,0.1915,0
NASA5818,1,2013,39,16.23844746,112,0.165178571,0.331,0
NASA5900,2,2014,31,18.57892467,145,0.210344828,0.1407,0
NASA5903,2,2014,31,12.77670646,118.5,0.202531646,0.1148,0
NASA5904,1,2014,31,15.16519638,109,0.211009174,0.0771,0
NASA5905,2,2014,37,18.1683639,143.5,0.212543554,0.2335,0
NASA5906,2,2014,37,14.36823258,127,0.196850394,0.1332,0
NASA5907,1,2014,48,10.76459873,92.5,0.210810811,0.1227,0
NASA5909,2,2014,59,19.74640422,149,0.204697987,0.2313,0
NASA5910,1,2014,59,25.07856448,127,0.153543307,0.4937,0
NASA5911,1,2014,59,25.07856448,127,0.188976378,0.4081,0
NASA5913,1,2014,100,21.77758494,123,0.227642276,0.1869,0
NASA5918,1,2014,107,20.48993924,121,0.169421488,0.384,0
NASA5919,2,2014,94,10.43110933,104,0.194711538,0.0619,0
NASA5932,2,2014,223,23.28309309,159,0.254716981,0.177,0
NASA5933,1,2014,223,10.87266989,93,0.209677419,0.2436,0
NASA5934,2,2014,276,9.42386007,97,0.206185567,0.156,0
NASA5935,1,2014,276,20.48993924,121,0.210743802,0.1635,0
NASA5941,2,2014,344,21.03852675,153,0.163398693,0.1787,0
NASA5945,2,2014,325,17.01282837,139,0.179856115,0.334,0
