"mass_t","estimate","lower95","upper95"
0.05,0.066887417218543,0.0596026490066225,0.0746136865342163
0.0516265609873806,0.0658131760475093,0.0586367220604239,0.0734282552192781
0.0533060359876746,0.0647513673404095,0.057732978922158,0.0721938908968252
0.0550401463582637,0.0637019035120224,0.0568639231993143,0.0710534758008019
0.0568306694543851,0.0626646971938788,0.0560021099509707,0.0699529796418734
0.0586794404508096,0.0616396612347241,0.0550708208670752,0.068841350912159
0.0605883542227818,0.0606267087009855,0.0541534280278908,0.0677323350831912
0.0625593672881493,0.0596257528772413,0.0532586601831625,0.0665813805273027
0.0645944998126716,0.0586367072666939,0.0524004566890785,0.0654636875629439
0.0666958376805647,0.0576594855916461,0.0514926982563966,0.064446987754337
0.0688655346324022,0.0566940017939804,0.0505988846312652,0.0633613452851094
0.0711058144725657,0.0557401700356419,0.0497440603725513,0.0623319634457057
0.0734189733485056,0.0547979046991243,0.0488908208134213,0.0612882352324703
0.0758073821041499,0.0538671203879597,0.0480134907271437,0.0602611737580616
0.0782734887098712,0.0529477319272115,0.0471845387330154,0.0592436138719458
0.0808198207715043,0.0520396543639708,0.046286642119113,0.0582588673070686
0.0834489881209847,0.051142802967857,0.0454559509564536,0.0572887101995849
0.0861636854912643,0.0502570932315207,0.0446477514375238,0.0562893220135728
0.0889666952782447,0.0493824408711515,0.0437972085323737,0.0553362203920312
0.0918608903925601,0.0485187618269887,0.0429541733782399,0.05439246149618
0.0948492372041318,0.0476659722638362,0.0421739306659421,0.0534444447475853
0.0979347985825127,0.0468239885715805,0.0413784317705914,0.0525559960939451
0.101120737036139,0.0459927273657134,0.0405618419516072,0.0516612025955003
0.104410317953702,0.0451721054878577,0.0397835938606716,0.05082358830967
0.107806912950972,0.0443620400062972,0.0390123903477672,0.0499577865692697
0.111314003326491,0.0435624482165109,0.038283699408667,0.0491091003778619
0.114935183629692,0.0427732476417104,0.0375691583866056,0.0482380141936848
0.118674165345081,0.0419943560333826,0.0368707870085765,0.0473982464202729
0.122534780696287,0.0412256913718348,0.0361692465188879,0.0465504884125574
0.126520986573843,0.0404671718667459,0.035466369366278,0.0457495881182696
0.130636868590761,0.0397187159577201,0.0347527884558608,0.0449178785340117
0.134886645270027,0.038980242314846,0.0340210343236692,0.0441778232134721
0.139274672368325,0.0382516698392593,0.033313517831843,0.0434266888376322
0.143805447340415,0.0375329176637104,0.0326597163728655,0.042700815087921
0.14848361394875,0.036823905153136,0.0319865267091584,0.0419836678850658
0.153313967023036,0.0361245519052358,0.0313016207159505,0.0412552217423409
0.158301457374641,0.0354347777510527,0.0306324291066737,0.0405463764336252
0.163451196870863,0.0347545027555587,0.0300108123106591,0.0398489516448213
0.168768463674279,0.0340836472182451,0.0293625130503222,0.039128089633476
0.174258707652534,0.0334221316737169,0.0287426388259168,0.038403627312931
0.179927555964113,0.032769876892293,0.0281564697367377,0.03770219074138
0.185780818825832,0.0321268038806101,0.027557474176658,0.037033701808137
0.191824495467947,0.0314928338822329,0.0269740903502481,0.0363505415157508
0.198064780282989,0.030867888378268,0.0263678484459474,0.0356738583082137
0.204508069174638,0.0302518890879833,0.0257968619790692,0.0349781821451219
0.211160966113118,0.0296447579694332,0.0252242513328935,0.0342997131020518
0.218030289903862,0.0290464172200883,0.0246483104889175,0.0336805962035797
0.22512308117636,0.02845678927747,0.0240989535568331,0.0330706471005758
0.232446609600367,0.027875796819792,0.0235540161178232,0.0324709992021769
0.240008381336864,0.0273033627666053,0.0230421367149508,0.031903960082285
0.247816146731402,0.0267394102794503,0.0225370305751584,0.0312915967323061
0.255877908257728,0.0261838627625135,0.0220061796216532,0.0307205806054998
0.26420192871982,0.0256366438632907,0.0215050033854512,0.0301448798468015
0.272796739720747,0.0250976774732547,0.0210004944076379,0.0295642460706275
0.281671150407035,0.0245668877285307,0.0205094868089019,0.0290014876746674
0.290834256497488,0.0240441990105754,0.0200400464377992,0.0284432596076169
0.300295449605742,0.0235295359468645,0.0195751272803775,0.0278772789725475
0.310064426866074,0.0230228234115841,0.0191164144951251,0.0273302139873627
0.320151200872371,0.0225239865263298,0.0186648186468714,0.0267632633512446
0.330566109940412,0.0220329506608116,0.0182143195854951,0.0262289274610699
0.341319828703997,0.0215496414335651,0.0177685078488558,0.0257319748036837
0.352423379055784,0.0210739847126693,0.0173475820177159,0.0251990944128775
0.363888141444044,0.0206059066164708,0.0169439032028049,0.0246902194970359
0.37572586653691,0.0201453335143153,0.0165367331388009,0.0241941941347822
0.387948687266084,0.019692192027285,0.0161402534837079,0.0236824711169276
0.400569131262335,0.0192464090289436,0.0157547685170968,0.0231841736408492
0.41360013369554,0.0188079116460883,0.0153672202840108,0.0227035559216902
0.427055050532431,0.018376627259508,0.0149814383572448,0.0222279928609253
0.440947672225629,0.0179524835047504,0.0145911545277154,0.0217541134057273
0.455292237847999,0.0175354082728948,0.014209614776697,0.0212851519185178
0.470103449686814,0.0171253297113332,0.0138409976108381,0.0208292313749229
0.485396488312686,0.0167221762245593,0.0134861399700393,0.0203751702203832
0.501187028138706,0.0163258764749642,0.0131403249589756,0.0199181453938752
0.517491253485738,0.0159363593836413,0.0128039076111414,0.0194751756548107
0.53432587517035,0.0155535541311977,0.0124718259444254,0.0190382923407706
0.551708147632352,0.0151773901585749,0.0121462938363008,0.0186146995829004
0.569655886619528,0.0148077971678772,0.011803187310621,0.0182010358098011
0.588187487447668,0.014444705123209,0.0114908187176289,0.0177985184092877
0.607321943854624,0.0140880442515195,0.0111783902426618,0.017408959380451
0.627078867467706,0.0137377450434576,0.0108784310510256,0.0170050164502535
0.647478507904381,0.0133937382542345,0.0105835481243272,0.0165984556607946
0.668541773526874,0.0130559549044959,0.0102947415747048,0.0162013369168004
0.690290252871936,0.012724326281203,0.0100123445464361,0.0158114731190274
0.712746236777747,0.0123987839385232,0.0097402094931149,0.0154376453343204
0.735932741230647,0.0120792596987297,0.00945876834365194,0.0150753264408561
0.759873530955084,0.0117656856531115,0.00918516803367682,0.014711166808007
0.784593143770977,0.0114579941628927,0.00893069143143303,0.0143586602073204
0.810116915743461,0.011156117860162,0.00867211636557574,0.0140132369552666
0.836471007150769,0.0108599896488122,0.00841990187950291,0.0136748455725276
0.863682429296897,0.0105695427054906,0.00817897950591465,0.0133412368606914
0.891779072196506,0.0102847104805592,0.00794127021398667,0.0130024418304998
0.920789733160451,0.0100054266990665,0.00770667247384612,0.0126663128373254
0.950744146311239,0.00973162536172997,0.00747088170887541,0.0123459462457095
0.981673013058646,0.00946324074592925,0.00724149167917633,0.0120407865550679
1.01360803356676,0.0092002074067115,0.00702119415840921,0.0117445346897456
1.04658193924466,0.00894246017780801,0.0068065784905769,0.0114527768259502
1.08062852629411,0.00868993417266273,0.0065911957966799,0.0111576999211759
1.11578269034852,0.00844256478547294,0.00638654752316307,0.0108700751305814
1.15208046223883,0.00820028769224221,0.00618105654913612,0.0105923165520393
1.18955904492285,0.00796303885184602,0.00597531999014698,0.0103107205133975
1.228256851616,0.00773075450711016,0.00577430421040428,0.0100222548987707
1.26821354516243,0.00750337118590234,0.00557671548541232,0.0097470637480433
1.30947007868701,0.00728082570223706,0.00538963797639672,0.00948245075437864
1.3520687375697,0.00706305515739425,0.00520991214106619,0.00922132087518232
1.39605318278545,0.00684999694105182,0.0050337657967516,0.00896728037380173
1.441468495654,0.00664158873243244,0.00486997149177724,0.0087031890890664
1.48836122404538,0.00643776850146488,0.0046954834085589,0.00846386203788579
1.53677943008862,0.00623847450996019,0.00452569835082946,0.00822891048641313
1.58677273943245,0.00604364531280317,0.00437257478421745,0.00799534202067546
1.63839239210844,0.00585321975915919,0.0042270353696533,0.0077634818832889
1.69169129504894,0.00566713699369705,0.00408167001725037,0.00753593978199629
1.7467240763133,0.00548533645782788,0.00393370864823288,0.00731464991880308
1.80354714107829,0.00530775789096077,0.00378558410310947,0.0070978832603661
1.86221872944988,0.0051343413317753,0.00364478410357352,0.00688539010003351
1.92279897615574,0.0049650271195114,0.00350114464021656,0.00667481646787507
1.98534997217954,0.00479975589527698,0.00337083771362612,0.00646916349734383
2.04993582840043,0.00463846860337377,0.00324587561062538,0.00626775497811896
2.11662274130263,0.00448110649264167,0.00310853747209057,0.00607336976537514
2.18547906082274,0.00432761111782218,0.00298044278325303,0.00588878651544417
2.25657536040416,0.00417792434094136,0.00286122649092101,0.00570325877145539
2.32998450933052,0.00403198833271269,0.00274990003453666,0.00551514284377274
2.40578174741208,0.00388974557396049,0.00263336518906758,0.00533124953391966
2.48404476210194,0.00375113885706418,0.00251978504097473,0.00515165634638648
2.56485376812078,0.00361611128742417,0.00241219716031522,0.00497989578803337
2.64829158967201,0.00348460628494968,0.00231369599363977,0.00481499763004142
2.73444374533138,0.00335656758556923,0.00221537522506957,0.00464943970199358
2.82339853569824,0.00323193924276428,0.00211913636779628,0.00449440704840756
2.91524713389813,0.0031106656291267,0.00201555132695834,0.00434838988358891
3.01008367902956,0.00299269143794062,0.00191825753262698,0.00419336725187802
3.10800537265077,0.00287796168478938,0.00182981772390525,0.00403860768592469
3.20911257840523,0.00276642170918818,0.00173945878975962,0.00390018906190614
3.31350892488816,0.00265801717624333,0.00165727372095771,0.00376817788114695
3.42130141185937,0.00255269407833844,0.00156985259927714,0.0036303857404618
3.53260051991138,0.00245039873684877,0.00147985009068961,0.00349765149405653
3.64752032370515,0.00235107780388422,0.00139841715838685,0.00337144584324543
3.76617860888948,0.00225467826406184,0.00132377094930658,0.00324661111419294
3.88869699282402,0.00216114743630876,0.00124736329395813,0.00312683287457322
4.01520104922945,0.00207043297569648,0.00118365584247829,0.0030117116020905
4.14582043689278,0.00198248287530727,0.00110642993905678,0.0028927959718783
4.28068903255948,0.00189724546813384,0.00103814742810686,0.00278066708146029
4.41994506814886,0.00181466942901311,0.000968894270025663,0.00266808420129523
4.56373127243318,0.00173470377659532,0.000913928585606134,0.00256346014663814
4.71219501732576,0.00165729787534932,0.000858085607392622,0.00245611366607337
4.86548846892798,0.00158240143760554,0.000804142066114984,0.0023556986972784
5.02376874349015,0.00150996452563741,0.000755129787951991,0.00225853586106049
5.18719806844581,0.00143993755378284,0.000704581089716613,0.00216474973550305
5.35594394868481,0.00137227129060689,0.000658565419757119,0.00207231294038197
5.53017933823537,0.00130691686110698,0.000615142365179588,0.00198998431586736
5.71008281753121,0.00124382574896219,0.000573033768488729,0.00190624669989816
5.89583877644538,0.001182949798828,0.00053406799369167,0.00183274966475102
6.08763760327841,0.00112424121867824,0.000494664919018922,0.00175695239512688
6.28567587989449,0.00106765258219565,0.000453513326071098,0.00168524726993068
6.4901565832056,0.00101313683121301,0.000416120528960612,0.00161710679666068
6.70128929321027,0.000960647278206578,0.000380526153803286,0.00154607948039584
6.91929040780001,0.000910137608843617,0.000348834197219521,0.00147767518577456
7.1443833645537,0.000861561884586317,0.000317727830077343,0.00141622929877672
7.37679886974718,0.00081487454535395,0.000285649118086023,0.00135516659855014
7.61677513481286,0.00077003041224567,0.000259886463624475,0.00129799725164772
7.86455812049161,0.000726984690326216,0.000234034424442468,0.00124155585344462
8.12040178892718,0.000685692971477096,0.000211706071509057,0.00118909285411393
8.38456836396167,0.000646111237315804,0.000192111874875685,0.00113551901027011
8.65732859989859,0.000608195862185887,0.000169902391127328,0.00108714248407226
8.93896205900917,0.000571903616220827,0.000150251628971282,0.00104146859795044
9.22975739806636,0.000537191668484807,0.000131681282162176,0.000997206739686874
9.53001266420001,0.000504017590193712,0.000113838209241997,0.00094904741398581
9.84003560037663,0.000472339358019867,0.0000975163446632089,0.000906656885783695
10.1601439608168,0.000442115357484223,0.0000836632313596243,0.000865218269507853
10.4906658366735,0.00041330438643998,0.0000708218906495666,0.000821029636851917
10.8319399923051,0.000385865658651893,0.0000601254092554391,0.000783222957016985
11.1843162124877,0.000359758807475708,0.0000520195398770973,0.00074882527738542
11.5481556609229,0.000334943889642634,0.0000431996824246197,0.000716555241692346
11.923831250408,0.000311381389153891,0.0000349917974422565,0.000685512368410692
12.3117280250485,0.000289032221290939,0.0000290173932257891,0.000654945716515016
12.7122435549042,0.000267857736747218,0.0000237819938466157,0.00062244444784217
13.125788343474,0.00024781972588776,0.000019403401622709,0.000592134642717097
13.5527862484361,0.000228880423143508,0.0000151449276311915,0.000564218015334739
13.9936749160764,0.00021100251154762,0.0000109941354726516,0.000536282030937598
14.448906229848,0.0001941491274217,0.00000705306644819049,0.000509419109982912
14.9189467735238,0.000178283865220489,0.0000047875954364719,0.000484724608342188
15.4042783094162,0.000163370782544231,0.00000309659363224891,0.000458575522488895
15.9053982721532,0.000149374405328766,0.00000173606446752785,0.00043531851932269
16.4228202785179,0.000136259733224169,0.000000738484735260587,0.000415494204524743
16.9570746538739,0.000123992245173838,0.000000271499236361785,0.00039438629817014
17.5087089757157,0.000112537905206865,0.0000000716821004499339,0.000374562321434115
18.0782886349017,0.000101863168457864,0.00000000139900206983488,0.000357206453312155
18.6663974151445,0.0000919349874296555,0,0.00034147892729725
19.2736380913528,0.0000827208185158142,0,0.00032377785595513
19.9006330474385,0.0000741886288017689,0,0.000305321145138933
20.5480249142213,0.0000663069031650777,0,0.000287204023776593
21.2164772280853,0.0000590446516977477,0,0.000269927861436608
21.9066751110623,0.0000523714174759973,0,0.000255580955926853
22.6193259730398,0.0000462572847057453,0,0.000242630173167541
23.3551602368117,0.0000406728872755043,0,0.000230178087874162
24.1149320867161,0.0000355894177522022,0,0.000215887339431593
24.8994202416278,0.0000309786368600035,0,0.00020219484035475
25.7094287530963,0.0000268128834874913,0,0.000190022674113497
26.5457878294488,0.0000230650852747839,0,0.000178360222381735
27.4093546867021,0.0000197087698395674,0,0.000167390432807746
28.3010144271555,0.0000167180767097945,0,0.000158320619734527
29.2216809465656,0.0000140677700413987,0,0.00014912603186016
30.1722978708329,0.0000117332522121462,0,0.000140600068322704
31.1538395231594,0.00000969057839838645,0,0.000130897674860318
32.1673119226691,0.00000791647226072662,0,0.000122001083941949
33.2137538155155,0.00000638834288864165,0,0.000114709814990586
34.2942377395311,0.00000508430318427764,0,0.000108217432715347
35.4098711235126,0.000003983189904281,0,0.000101026876411803
36.5617974222662,0.00000306458562844642,0,0.0000938884906544368
37.7511972885776,0.00000230884298968127,0,0.0000881222426589657
38.9792897833078,0.00000169711158783167,0,0.0000828050616428991
40.2473336248544,0.00000121136813035391,0,0.0000772481648603893
41.55662847926,0.000000834450511632192,0,0.0000720420497290922
42.9085162922887,0.000000550096786142816,0,0.000066798292338046
44.3043826648371,0.000000342990353641888,0,0.0000619660333241788
45.7456582730892,0.000000198813238379937,0,0.0000578191939319582
47.2338203348703,0.000000104310265521708,0,0.0000536303801811753
48.7703941237031,0.0000000473685430321428,0,0.0000496238587797839
50.3569545321189,0.0000000171197034929388,0,0.0000459118727857797
51.9951276858238,0.00000000407888072690222,0,0.0000424998078216074
53.6865926103765,0.000000000351230405573907,0,0.0000393297219136157
55.4330829520852,0.00000000000000000000000000000000340240384842126,0,0.0000362704760227427
