"dataset","m","estimate_t","lower95_t","median_t","upper95_t"
"Late-Quaternary fauna",15,0.0503284884222669,0.05,0.0539134496126013,0.0636156329399877
"Late-Quaternary fauna",16,0.0571222894514575,0.0506565674060973,0.0580353873509096,0.0710328116373918
"Late-Quaternary fauna",17,0.0642031786055254,0.0526814469525003,0.0641990699470649,0.079372090148111
"Late-Quaternary fauna",18,0.0715510088195206,0.0577176032439475,0.0715715056041189,0.0883245355095858
"Late-Quaternary fauna",19,0.0791472132955199,0.0640950251520512,0.0791946228570847,0.0976602614886773
"Late-Quaternary fauna",20,0.0869746732905049,0.0704119989103203,0.0870502172960289,0.107624741134001
"Late-Quaternary fauna",21,0.0950175934063285,0.0770024738838227,0.0950851735450822,0.117684076165754
"Late-Quaternary fauna",22,0.103261385879257,0.0834522374831664,0.103381085978259,0.127942576265984
"Late-Quaternary fauna",23,0.111692564338505,0.0900298955199175,0.111853284833357,0.138967197639301
"Late-Quaternary fauna",24,0.120298646913436,0.0967831065488069,0.120406314603398,0.150581718633846
"Late-Quaternary fauna",25,0.129068068245019,0.103448459778904,0.129286367456784,0.16233229746732
"Late-Quaternary fauna",26,0.137990099793898,0.110441812577736,0.138252585878065,0.173806211453796
"Late-Quaternary fauna",27,0.147054777770739,0.117768479183554,0.147215214344835,0.185752048496832
"Late-Quaternary fauna",29,0.165575657089584,0.132216807750354,0.165824556731196,0.209212100752226
"Late-Quaternary fauna",30,0.175015199184268,0.139142210300232,0.175356719609412,0.22201627391411
"Late-Quaternary fauna",31,0.184563967898843,0.14656422332285,0.185055125607822,0.235252683924639
"Late-Quaternary fauna",32,0.19421496274091,0.153688546826325,0.194671435336139,0.248392283229821
"Late-Quaternary fauna",34,0.213797875219159,0.168362682586953,0.214269654587909,0.275203068420825
"Late-Quaternary fauna",35,0.223717934155602,0.17588795476386,0.224127181744108,0.288696537680337
"Late-Quaternary fauna",37,0.243788346992202,0.191263381008973,0.24408262691518,0.315548720966209
"Late-Quaternary fauna",39,0.264133699558068,0.206323338046296,0.264505148559713,0.343178060875092
"Late-Quaternary fauna",40,0.274398502928981,0.213799963566468,0.27469159197743,0.356859438264726
"Late-Quaternary fauna",42,0.295092630455768,0.229016834162157,0.295315669009034,0.384886732056511
"Late-Quaternary fauna",44,0.315982402630758,0.244895789898385,0.315945712666738,0.412945174471731
"Late-Quaternary fauna",46,0.337042102852064,0.260316701191488,0.337164917063863,0.441392181923529
"Late-Quaternary fauna",48,0.358248785911602,0.275744278109611,0.358633506999995,0.469965870907106
"Late-Quaternary fauna",50,0.37958192987267,0.291642417505041,0.379680903412763,0.498292667037892
"Late-Quaternary fauna",52,0.401023139112046,0.307583795120963,0.401101497454449,0.526689376246326
"Late-Quaternary fauna",54,0.422555889928638,0.323473396264683,0.422466336048075,0.555807491328722
"Late-Quaternary fauna",57,0.454994532192198,0.347253327402922,0.455137802335286,0.600682266158605
"Late-Quaternary fauna",59,0.476694235650165,0.363733991971786,0.476959243511263,0.629792459411289
"Late-Quaternary fauna",62,0.509325898911231,0.388312186563804,0.509635377879035,0.67248869426274
"Late-Quaternary fauna",65,0.542025946415414,0.412994700298193,0.541944452601385,0.716031364597582
"Late-Quaternary fauna",67,0.563849152393174,0.429020112859587,0.56354243181498,0.745828917669797
"Late-Quaternary fauna",70,0.59659926404573,0.452337391032254,0.59649410544509,0.789877015543639
"Late-Quaternary fauna",73,0.629347250988135,0.476183174590961,0.629055578017096,0.83457634039014
"Late-Quaternary fauna",77,0.672973297783678,0.508574994602919,0.67302754400616,0.893041375481125
"Late-Quaternary fauna",80,0.705642050272935,0.532863125884937,0.705526230168984,0.936014911896393
"Late-Quaternary fauna",83,0.738250803497287,0.556843441842683,0.738308556153981,0.980912977849578
"Late-Quaternary fauna",87,0.781613990251215,0.587983087341432,0.78151793651577,1.04184747453631
"Late-Quaternary fauna",91,0.824822192487984,0.619579493496261,0.825099415429607,1.10095445085942
"Late-Quaternary fauna",95,0.867853920854217,0.651581802676005,0.868669780323887,1.16075988781419
"Late-Quaternary fauna",99,0.910691311924811,0.683232480374284,0.911008400624492,1.2175644573957
"Late-Quaternary fauna",103,0.953319552039442,0.715279514712151,0.952822845787714,1.27404119022575
"Late-Quaternary fauna",108,1.00629230129128,0.753170956490599,1.00616739315729,1.34569162276253
"Late-Quaternary fauna",113,1.05890008649344,0.792511261689698,1.05892837515318,1.41585951391296
"Late-Quaternary fauna",118,1.11112806403701,0.830522473012942,1.11096235652931,1.48621070573517
"Late-Quaternary fauna",123,1.16296496165063,0.869344850377044,1.1628825396444,1.55789385626784
"Late-Quaternary fauna",128,1.21440244354088,0.907684089439711,1.21355979820302,1.62733049193281
"Late-Quaternary fauna",134,1.27559201037485,0.951803525882144,1.27516560740777,1.70961246581379
"Late-Quaternary fauna",140,1.33619152317507,0.995619852382994,1.33754636211497,1.79143079201762
"Late-Quaternary fauna",146,1.3961978139066,1.03996415818197,1.39593741536924,1.87241996200887
"Late-Quaternary fauna",152,1.45561036024878,1.08263436462522,1.45513945472314,1.95136862879102
"Late-Quaternary fauna",159,1.52417678718027,1.13208360810816,1.52266450895855,2.04296610331852
"Late-Quaternary fauna",166,1.59194265924328,1.18091138575211,1.58995671918472,2.13461917844591
"Late-Quaternary fauna",173,1.65891573183338,1.22710828664864,1.65518791847275,2.22751964850063
"Late-Quaternary fauna",181,1.73449795195722,1.2792170342126,1.72912775615366,2.32606625314904
"Late-Quaternary fauna",189,1.8090736425798,1.33250404519117,1.8037412272788,2.42291452004241
"Late-Quaternary fauna",197,1.88266087025853,1.38538462340403,1.87598981662823,2.51882824782549
"Late-Quaternary fauna",206,1.96428890236182,1.44569877995324,1.95615597437173,2.62616159170511
"Late-Quaternary fauna",215,2.04471860044349,1.50018522470079,2.03622017587461,2.73382972012145
"Late-Quaternary fauna",224,2.1239789615729,1.55604609145026,2.11623940114798,2.8415009866559
"Late-Quaternary fauna",234,2.21071010415215,1.62170188897277,2.20243461441313,2.95995885198245
"Late-Quaternary fauna",244,2.29607358171536,1.68552789839656,2.28635772627408,3.06930436547721
"Late-Quaternary fauna",255,2.38844075877397,1.75141899293908,2.37893986600284,3.19226949610544
"Late-Quaternary fauna",266,2.47925208449293,1.81384112864723,2.46818936260986,3.32001974495121
"Late-Quaternary fauna",278,2.57660321508893,1.88299907128656,2.56552479367588,3.44876261984063
"Late-Quaternary fauna",290,2.67222491446928,1.9462263980352,2.65941360418153,3.5761421562418
"Late-Quaternary fauna",303,2.77393340130927,2.02170749254984,2.76253012264775,3.71454361373194
"Late-Quaternary fauna",316,2.87375645706904,2.09013828908391,2.86268842247603,3.84700953373004
"Late-Quaternary fauna",330,2.97922996381239,2.15935218057021,2.97060263828362,3.99549822666102
"Late-Quaternary fauna",344,3.08268125833456,2.2295962519107,3.07498396521648,4.12946903232988
"Late-Quaternary fauna",359,3.19136741243161,2.30433936830469,3.18001370324869,4.27489499912106
"Late-Quaternary fauna",375,3.3049435474141,2.38478619395543,3.29466013377238,4.42176844765494
"Late-Quaternary fauna",391,3.41619042131087,2.45572437565358,3.40577861675996,4.57184121811572
"Late-Quaternary fauna",409,3.53868130389338,2.54012040613538,3.52587684773532,4.72705367592568
"Late-Quaternary fauna",427,3.65847989594549,2.62284183706084,3.64939332900348,4.88902606148664
"Late-Quaternary fauna",445,3.77570867840799,2.70591645489281,3.7650622287808,5.04231452726031
"Late-Quaternary fauna",465,3.90308778598115,2.79640165485766,3.89229163591047,5.21160709508374
"Late-Quaternary fauna",485,4.0275815159307,2.8734532384497,4.01026558780171,5.37735692177017
"Late-Quaternary fauna",506,4.15534302474847,2.95314279123131,4.13387826552035,5.55801688393083
"Late-Quaternary fauna",529,4.29196658409675,3.04120706292097,4.27028075098179,5.75027472590365
"Late-Quaternary fauna",552,4.425306268148,3.13067357725417,4.40198931681693,5.94490533905157
"Late-Quaternary fauna",576,4.56111942887413,3.21246045492079,4.536484204693,6.14598765646401
"Late-Quaternary fauna",601,4.69916451800639,3.3044559620806,4.67252789108844,6.34659944211572
"Late-Quaternary fauna",628,4.84452939770516,3.39318977832678,4.81442500189772,6.56276546158251
"Late-Quaternary fauna",655,4.98622995110848,3.46762778929831,4.95676426354225,6.76135912004075
"Late-Quaternary fauna",684,5.13456344887845,3.55744295470631,5.10603594347824,6.97195794891704
"Late-Quaternary fauna",714,5.2840273619029,3.64471771116584,5.25125791701463,7.19821961218631
"Late-Quaternary fauna",745,5.43444857103871,3.73701373554614,5.39990037883492,7.42969094303483
"Late-Quaternary fauna",778,5.59032718903075,3.83047401984784,5.54971468091554,7.66371523358223
"Late-Quaternary fauna",812,5.74660370419161,3.91748093989868,5.70449112713882,7.91492615147039
"Late-Quaternary fauna",848,5.90755909987662,4.02201387295613,5.85833978172145,8.16559104366683
"Late-Quaternary fauna",885,6.06842334727396,4.10175452300463,6.01859918950643,8.41622106670152
"Late-Quaternary fauna",924,6.2332657919256,4.18795707767968,6.18117278320067,8.68752871626402
"Late-Quaternary fauna",964,6.39759700256804,4.28226941465087,6.34325379552086,8.96817217321662
"Late-Quaternary fauna",1006,6.56528260257314,4.36007583017973,6.50113304056045,9.25006287428801
"Late-Quaternary fauna",1051,6.73974607126987,4.46775582099539,6.66586141791576,9.51230606224487
"Late-Quaternary fauna",1097,6.91286030000933,4.57142023986325,6.84520798672678,9.80449338790263
"Late-Quaternary fauna",1145,7.08820915915589,4.67265327115558,7.01656005272726,10.101006719408
"Late-Quaternary fauna",1195,7.26546538696948,4.76498249904277,7.19060374453717,10.3464176899444
"Late-Quaternary fauna",1247,7.44432429890929,4.87275502475909,7.36236054539867,10.6709403513211
"Late-Quaternary fauna",1302,7.62778854650934,4.98647641521279,7.53621911243937,10.9773021266146
"Late-Quaternary fauna",1359,7.81211150042764,5.0830339995017,7.73284643455138,11.3317305817782
"Late-Quaternary fauna",1419,8.00014587447855,5.18679840944318,7.92937142024342,11.6853088620455
"Late-Quaternary fauna",1481,8.18840176754707,5.29036277801055,8.10997329328879,12.0564940530315
"Late-Quaternary fauna",1546,8.37958824079647,5.40322665240874,8.28833087304519,12.4047265283264
"Late-Quaternary fauna",1614,8.57326298932399,5.51441717736685,8.47671012762486,12.7529884721038
"Late-Quaternary fauna",1684,8.76630192461946,5.62049974600924,8.65929183607211,13.1039865913162
"Late-Quaternary fauna",1758,8.96383889717079,5.72954787804103,8.85974084365218,13.4788183105093
"Late-Quaternary fauna",1835,9.16271993042957,5.8424944148804,9.05672246336274,13.8507156883773
"Late-Quaternary fauna",1916,9.3650800280503,5.95494095377031,9.25290208623698,14.2320002981891
"Late-Quaternary fauna",2000,9.56800508871693,6.06165601264227,9.44618365650667,14.6249940206075
"Late-Quaternary fauna",2088,9.7735299858172,6.16607313144798,9.64770760032448,15.0265783612591
"Late-Quaternary fauna",2179,9.97896778600966,6.26087735549978,9.85281547464989,15.3973031696064
"Late-Quaternary fauna",2275,10.18840145394,6.36849754323574,10.0579595086058,15.803832737129
"Late-Quaternary fauna",2374,10.3970669793978,6.46074336826854,10.2638393688749,16.2806253849544
"Late-Quaternary fauna",2479,10.6108172120021,6.56394428372167,10.4672398802989,16.732340439346
"Late-Quaternary fauna",2587,10.823107558897,6.66506240185045,10.6687900713371,17.1585091694915
"Late-Quaternary fauna",2701,11.0394397994905,6.76646385768905,10.8800743611409,17.6558241071469
"Late-Quaternary fauna",2819,11.2555549251675,6.87615802566244,11.1001020320654,18.1674484864994
"Late-Quaternary fauna",2943,11.4746949042045,6.98545790619686,11.3103199518347,18.7283534586893
"Late-Quaternary fauna",3072,11.6946127851009,7.08720336071103,11.5288626566802,19.2238608653787
"Late-Quaternary fauna",3207,11.9165765659834,7.18665227920531,11.7445849825859,19.6827152509844
"Late-Quaternary fauna",3347,12.13854289381,7.27316930421891,11.9702989659281,20.1204330083939
"Late-Quaternary fauna",3494,12.3632378301131,7.37059610930801,12.1822790360976,20.5802265859961
"Late-Quaternary fauna",3647,12.5886433515012,7.484003560394,12.4133479280124,21.0445343419936
"Late-Quaternary fauna",3807,12.815788403066,7.59241113598589,12.6405712391884,21.5431711765911
"Late-Quaternary fauna",3974,13.0441915118421,7.69517821823629,12.8465623049121,22.1194420326121
"Late-Quaternary fauna",4148,13.2734154214577,7.79595088677167,13.0697032079087,22.7112272272939
"Late-Quaternary fauna",4330,13.5043097438973,7.89675624108233,13.2931063871223,23.3106104839349
"Late-Quaternary fauna",4520,13.7363794870605,7.99737577588638,13.5174669836426,23.8377447539209
"Late-Quaternary fauna",4718,13.969176109709,8.11267857925439,13.7455470956538,24.3253314462093
"Late-Quaternary fauna",4925,14.2034050567288,8.23892446641863,13.9693764844333,24.8587336968905
"Late-Quaternary fauna",5141,14.4385769892265,8.35633344987918,14.2020651750477,25.3985800829745
"Late-Quaternary fauna",5367,14.6752772777356,8.45420532712149,14.4252719624188,25.9570778284823
"Late-Quaternary fauna",5602,14.9120028452051,8.5487620190808,14.6699709018753,26.5288141232708
"Late-Quaternary fauna",5848,15.1503024799757,8.643184182957,14.9096185677284,27.109435985801
"Late-Quaternary fauna",6104,15.3887310099146,8.73690221132592,15.1388421496599,27.7487001841375
"Late-Quaternary fauna",6372,15.6286704329486,8.83235549462281,15.3666352788591,28.4404678602082
"Late-Quaternary fauna",6651,15.8687398010383,8.93750755887393,15.6060348338676,29.0888988686908
"Late-Quaternary fauna",6943,16.1101751213159,9.03691791403006,15.8293993731855,29.7550999636393
"Late-Quaternary fauna",7248,16.3524430478765,9.13415916869704,16.069675356522,30.4421146885213
"Late-Quaternary fauna",7565,16.5943162419029,9.22111642820158,16.27631721404,31.0206418903811
"Late-Quaternary fauna",7897,16.8376090724908,9.30782939715934,16.5081886459959,31.6152560571358
"Late-Quaternary fauna",8243,17.0810752230664,9.39385752073452,16.7044336757642,32.2586800509221
"Late-Quaternary fauna",8605,17.3256211637496,9.48559853852765,16.9469531554899,32.9964249697219
"Late-Quaternary fauna",8982,17.5700816150247,9.57835910715234,17.1727927696268,33.7572069863249
"Late-Quaternary fauna",9376,17.815278394234,9.66299830726171,17.3956098565101,34.5284920918772
"Late-Quaternary fauna",9787,18.0607120389636,9.74328343444135,17.6181434283463,35.2220075827309
"Late-Quaternary fauna",10217,18.3070594425314,9.83133840725407,17.8392496244287,35.9001323507438
"Late-Quaternary fauna",10665,18.5532498338552,9.92686660194836,18.0531183820716,36.5821499933462
"Late-Quaternary fauna",11132,18.7993902498366,10.0188640597344,18.2587389452632,37.3727804501698
"Late-Quaternary fauna",11620,19.0460461147027,10.1046933815896,18.5087328018402,38.2306522722498
"Late-Quaternary fauna",12130,19.2931946231363,10.1885525868167,18.7528875022745,39.0538521421646
"Late-Quaternary fauna",12662,19.540334964766,10.2717633204745,18.9946400614424,39.8312977665268
"Late-Quaternary fauna",13217,19.7874584277757,10.3577854223463,19.2333001744497,40.6355020225369
"Late-Quaternary fauna",13797,20.0349534868938,10.4383299334662,19.4462623219767,41.4426566812351
"Late-Quaternary fauna",14402,20.2823208283271,10.5413456404964,19.6869970330052,42.2133330619182
"Late-Quaternary fauna",15034,20.5298849627637,10.6373619281528,19.9156879734311,42.9849223080798
"Late-Quaternary fauna",15693,20.777159448805,10.7146493077763,20.1421042916971,43.7652604166352
"Late-Quaternary fauna",16381,21.0244178601781,10.7901655176483,20.3801813181257,44.6165273725319
"Late-Quaternary fauna",17099,21.2715300195183,10.9019039197661,20.6366017089486,45.5155507585788
"Late-Quaternary fauna",17849,21.5186864557402,11.0105208147271,20.8940959348371,46.3828803342801
"Late-Quaternary fauna",18632,21.765713695774,11.1130788284999,21.1340963268234,47.2220270918376
"Late-Quaternary fauna",19449,22.0124426925862,11.2152359370508,21.3635417541802,48.068485035987
"Late-Quaternary fauna",20302,22.2589925935521,11.3009860870823,21.6016094789053,48.9227127966126
"Late-Quaternary fauna",21192,22.5051694604965,11.3849431008455,21.8479190898335,49.7811569789874
"Late-Quaternary fauna",22122,22.751307049298,11.4684139426399,22.0786786633893,50.6569903149469
"Late-Quaternary fauna",23092,22.9969165952126,11.5451184517637,22.3126434953671,51.5850657035137
"Late-Quaternary fauna",24104,23.242042255671,11.6201882275303,22.5530564174776,52.5111762651159
"Late-Quaternary fauna",25162,23.4871533020132,11.6947360853948,22.7529404823796,53.4491192848699
"Late-Quaternary fauna",26265,23.7315324832742,11.7685515103259,22.9695956003622,54.3699587507087
"Late-Quaternary fauna",27417,23.975597193137,11.8417689687222,23.1893295258539,55.309080804802
"Late-Quaternary fauna",28619,24.2190785879727,11.924985788007,23.4098357970254,56.2518097800526
"Late-Quaternary fauna",29874,24.4621100184045,12.0148804610386,23.6440174263953,57.2009750624323
"Late-Quaternary fauna",31184,24.7045994282165,12.104228562518,23.8532310647621,58.2079017059764
"Late-Quaternary fauna",32552,24.9466213370399,12.1930619811261,24.06342199295,59.1411976512076
"Late-Quaternary fauna",33979,25.1878846576669,12.2812786701658,24.2647555099993,60.084593213215
"Late-Quaternary fauna",35469,25.4286009704361,12.3689608621243,24.4903136514928,61.0348918453745
"Late-Quaternary fauna",37025,25.6687736719746,12.4561141238399,24.710224712793,61.9921351461298
"Late-Quaternary fauna",38648,25.9080949596978,12.5426316285605,24.9407287034074,62.9551077424045
"Late-Quaternary fauna",40343,26.1468403097143,12.6286178074031,25.1449975908053,63.9249281200712
"Late-Quaternary fauna",42113,26.3849538002346,12.7140568287922,25.3927303524412,64.8495215214562
"Late-Quaternary fauna",43959,26.6221159562679,12.7988390364266,25.6294833075379,65.693843349958
"Late-Quaternary fauna",45887,26.8586424045887,12.8830821576825,25.8602755634118,66.6010526608341
"Late-Quaternary fauna",47899,27.0943156783881,12.9715957282668,26.0688785818193,67.6890075553151
"Late-Quaternary fauna",50000,27.329263319895,13.0613483868183,26.2974753892561,68.7862293729398
"Extant fauna",31,0.0517028131138546,0.0503151475764521,0.0542223349396986,0.0634020558266559
"Extant fauna",32,0.0537658296540938,0.050457712577569,0.0553397504748578,0.0657335194047585
"Extant fauna",34,0.0579056923489629,0.0507662704716675,0.0583232473165859,0.0701128576718735
"Extant fauna",35,0.0599815726065308,0.0510483123414218,0.0600837077172275,0.0726441770862126
"Extant fauna",36,0.0620608368693368,0.051739864467356,0.0620518246855251,0.0751757933956669
"Extant fauna",38,0.066227966147314,0.053772933015177,0.0660114425667687,0.0801693752199405
"Extant fauna",39,0.0683151264187879,0.0551573058069442,0.0680567245599092,0.082755403380513
"Extant fauna",41,0.0724950633856802,0.0581474638679155,0.0722719278179412,0.0880084700672005
"Extant fauna",42,0.0745872761148599,0.0597849295897358,0.0744519982236024,0.0906478973466872
"Extant fauna",44,0.0787749236099725,0.0627433566209584,0.0786013007445315,0.09602982542001
"Extant fauna",46,0.0829653736736621,0.0657644544231932,0.082835273217924,0.101617043949709
"Extant fauna",48,0.0871570362823138,0.0688128729906591,0.0870676474425173,0.106991687590084
"Extant fauna",50,0.0913485218776715,0.0720727095972486,0.0912681782783583,0.112804092858607
"Extant fauna",52,0.0955386127920812,0.0752048028112971,0.0954935166933036,0.118457875471941
"Extant fauna",54,0.0997262394601431,0.0782812524207016,0.099655749979547,0.12414208627005
"Extant fauna",56,0.103910460490619,0.081222954863438,0.103826009218139,0.129927276730108
"Extant fauna",58,0.108090445875237,0.0841059739657702,0.108087048022084,0.135479627319089
"Extant fauna",60,0.11226546276444,0.0871815699968455,0.112166928546768,0.141085518378838
"Extant fauna",63,0.118517275780408,0.0917242196049605,0.118276573807741,0.149579800082175
"Extant fauna",65,0.12267719822022,0.0945680677716854,0.12255305574975,0.155231080419379
"Extant fauna",68,0.128903957543954,0.0986334551932494,0.128881451038441,0.163656196606023
"Extant fauna",70,0.133045782428691,0.101387914168176,0.133056638723811,0.169239950994016
"Extant fauna",73,0.139243616581149,0.105277681783022,0.139237315909212,0.177681413056858
"Extant fauna",76,0.145422673762285,0.109506064068898,0.145292054318805,0.186264436072238
"Extant fauna",79,0.15158210676287,0.11361644469944,0.151509411367763,0.194611977799572
"Extant fauna",82,0.157721215595036,0.117801465965644,0.157654379095169,0.20335466937374
"Extant fauna",86,0.165874100603658,0.123078176501247,0.1658560107941,0.215506848322137
"Extant fauna",89,0.171963732434682,0.126987802687801,0.171856036718904,0.224557317041074
"Extant fauna",93,0.180049199166864,0.132401250639694,0.179812907066589,0.235947032464531
"Extant fauna",96,0.186087424337889,0.136464024155107,0.185700483184077,0.244592030113047
"Extant fauna",100,0.194103524448164,0.141792469578503,0.19356903681903,0.256335284815816
"Extant fauna",104,0.20207949715122,0.1471653427388,0.20158492889927,0.267807317941788
"Extant fauna",108,0.210015163991806,0.152385952034177,0.209547099437969,0.278689735161679
"Extant fauna",113,0.219877975927175,0.159285421332391,0.219386236065133,0.292050481304607
"Extant fauna",117,0.227722852925104,0.164745466254977,0.227100310262001,0.302722497327314
"Extant fauna",122,0.237472429901443,0.171396727347327,0.236851953100118,0.316512167444767
"Extant fauna",127,0.247159554001008,0.17783884234939,0.246383505426599,0.33139486400657
"Extant fauna",132,0.256784704950937,0.184073883590573,0.25600958451696,0.345221219563736
"Extant fauna",137,0.266348452719788,0.190402110061699,0.265537847142089,0.359022335885885
"Extant fauna",142,0.275851437194351,0.196426769230256,0.27490779835582,0.372895948626154
"Extant fauna",148,0.28717579037329,0.203542335543593,0.286138755179905,0.389128170532151
"Extant fauna",154,0.298414918079827,0.210735417117042,0.297673953479993,0.405771939489821
"Extant fauna",160,0.309570151264484,0.21734007248345,0.308676266550985,0.421999991906318
"Extant fauna",166,0.320642858533935,0.224184655888778,0.319667457317874,0.438129420227096
"Extant fauna",173,0.333458569029678,0.232055576114514,0.332042390737776,0.455416731547059
"Extant fauna",180,0.346166068345019,0.240248293444854,0.344239302070836,0.473020201232529
"Extant fauna",187,0.358767576774907,0.248200257936057,0.356727688785576,0.491147863803796
"Extant fauna",195,0.373042340102399,0.257148019982736,0.371098964595842,0.510909256523083
"Extant fauna",202,0.385424104384429,0.265519555488699,0.38301240442747,0.528031757597894
"Extant fauna",210,0.399453373746366,0.274415785149244,0.396801350277861,0.54783321749942
"Extant fauna",219,0.415085332389375,0.284032096443243,0.412188043021043,0.570306538558826
"Extant fauna",227,0.428849557400988,0.291343240332622,0.426133489312516,0.590278225632489
"Extant fauna",237,0.445886288171987,0.301256644321577,0.443334642808779,0.614143205269536
"Extant fauna",246,0.461063473337252,0.310298861894287,0.45880679373473,0.635230492975957
"Extant fauna",256,0.477758707624314,0.320654850474351,0.475294757222888,0.658499236903546
"Extant fauna",266,0.494281719008315,0.330912549135583,0.491566674528042,0.681217269997138
"Extant fauna",277,0.512263960419707,0.341910952512079,0.509482556433348,0.706327349516396
"Extant fauna",288,0.530049980868771,0.352330820984627,0.526635347878057,0.733656623632983
"Extant fauna",299,0.547645730781586,0.362048459280201,0.54394219308834,0.762470295431211
"Extant fauna",311,0.566630752033115,0.373356443383871,0.562687031616337,0.789776470258724
"Extant fauna",323,0.58540309451513,0.384714315492572,0.581049924138902,0.815878144887083
"Extant fauna",336,0.605507513030592,0.396474849544691,0.600931369226885,0.846299646728452
"Extant fauna",350,0.626897221229055,0.40896218852774,0.622521709745186,0.877773437018392
"Extant fauna",364,0.648025294797245,0.421538181419754,0.644155268610968,0.907547343079079
"Extant fauna",378,0.668900680249312,0.434067657398414,0.66446842001089,0.938716812719908
"Extant fauna",393,0.690996350779211,0.447091466450057,0.685407095521518,0.969741741435137
"Extant fauna",409,0.714267068405204,0.460596636646039,0.708281337177424,1.00412026459642
"Extant fauna",425,0.737241137365763,0.47454079269206,0.73030088812284,1.03651938474668
"Extant fauna",442,0.761337823701493,0.487293242148464,0.754015183422013,1.07126329877511
"Extant fauna",460,0.786513097858215,0.499700432746403,0.77810285226182,1.1102730130942
"Extant fauna",478,0.81135279719862,0.51305158608309,0.802486580669357,1.14886322864981
"Extant fauna",497,0.837222114682344,0.527479368601943,0.828844492408174,1.18780453515807
"Extant fauna",517,0.864078980827193,0.541410710253574,0.855621021284975,1.23366463165212
"Extant fauna",537,0.890566925295294,0.555854975763444,0.880778318345701,1.27918684365348
"Extant fauna",559,0.919294200011264,0.571128225493846,0.908266882103951,1.32685195005584
"Extant fauna",581,0.947609327724993,0.585118394111203,0.936128153341224,1.3710639548238
"Extant fauna",604,0.976788412191001,0.598885702227397,0.964695187772179,1.41479779194644
"Extant fauna",628,1.0067934466158,0.612804696431118,0.99409163387892,1.46282002764151
"Extant fauna",653,1.03758736741503,0.627458670595838,1.02582711271226,1.51801724855045
"Extant fauna",679,1.06913412264656,0.640436189971946,1.05691231475306,1.5637126137173
"Extant fauna",706,1.10139872428045,0.655394852225666,1.08863000194877,1.61962737594693
"Extant fauna",735,1.13551467094487,0.67374716372182,1.1210892699552,1.67873350261209
"Extant fauna",764,1.16909639612929,0.690941121561782,1.15402334601295,1.73231413348546
"Extant fauna",794,1.20329786937916,0.708231047865162,1.18683730553186,1.79370557623502
"Extant fauna",826,1.23920186967765,0.725477574050487,1.22195278254757,1.85731278550122
"Extant fauna",859,1.27563040232502,0.740933684375362,1.25713627146239,1.92305912604612
"Extant fauna",893,1.31255600697529,0.75763400126759,1.29419931932296,1.98658943098232
"Extant fauna",929,1.35101195003703,0.774652516853346,1.33151042502994,2.05855076624905
"Extant fauna",966,1.389878723424,0.79125227821251,1.36803661744879,2.13410077262663
"Extant fauna",1004,1.42913317360507,0.809235453458177,1.40508997227594,2.20495619647556
"Extant fauna",1044,1.46976049553971,0.827407197194402,1.44478102393262,2.2803961941092
"Extant fauna",1086,1.51168858923348,0.844939205220936,1.48498626412626,2.35835839853343
"Extant fauna",1129,1.5538749244593,0.861482757983482,1.52591841742176,2.44639130446197
"Extant fauna",1174,1.59725837767989,0.87846778083658,1.56728217038224,2.52923716291474
"Extant fauna",1221,1.64177312597937,0.897302816993137,1.6111101111183,2.62329189090621
"Extant fauna",1270,1.6873556151206,0.913103117473191,1.65522204257712,2.70847260233998
"Extant fauna",1320,1.73303924075798,0.931034902428086,1.69829126564128,2.79732490205595
"Extant fauna",1373,1.78059251089474,0.953127597445492,1.74401575962591,2.88845088753817
"Extant fauna",1427,1.82816407707184,0.974175633094307,1.78907903142698,2.9935929996521
"Extant fauna",1484,1.87746178169484,0.993784311134343,1.83721456820518,3.09458742085755
"Extant fauna",1544,1.92838568591654,1.01300382743884,1.8832468598299,3.19775925427117
"Extant fauna",1605,1.97918921394015,1.03198785176332,1.92797977608926,3.29821988961722
"Extant fauna",1669,2.0314918106797,1.05045506373717,1.97484700510865,3.40570236258884
"Extant fauna",1735,2.08440881664095,1.06822382835785,2.02717686734551,3.52568323311103
"Extant fauna",1805,2.13945656043007,1.08861575723236,2.07843878573004,3.65559890454524
"Extant fauna",1877,2.19497808281,1.10549686251583,2.13148148820982,3.78888038910242
"Extant fauna",1951,2.25093794300204,1.12233650071265,2.18340351783786,3.92557079409008
"Extant fauna",2029,2.30877129000513,1.14291101042308,2.23962431469944,4.07109832209302
"Extant fauna",2110,2.36764060400659,1.16498936433189,2.29598510549021,4.22754762095547
"Extant fauna",2194,2.42747558496696,1.18057295480685,2.35316335282711,4.37509656530043
"Extant fauna",2282,2.48890036617924,1.19855599735845,2.40901257219411,4.50330289385047
"Extant fauna",2372,2.55045552801037,1.2190689267565,2.46581765767298,4.63046888449492
"Extant fauna",2467,2.6141126097075,1.24635096896328,2.53156125094725,4.78642362820931
"Extant fauna",2565,2.6784340037859,1.26678303056744,2.58983716788437,4.93949260002425
"Extant fauna",2668,2.7446397622626,1.28151108678567,2.65592355594285,5.13432158763124
"Extant fauna",2774,2.8113557268191,1.29777908614974,2.71613528496705,5.2947877183999
"Extant fauna",2884,2.8791471290423,1.31817541480426,2.77924371620917,5.48458122689186
"Extant fauna",2999,2.94853095670012,1.34308336172542,2.84323738573803,5.67311617135622
"Extant fauna",3119,3.019393457268,1.36415218594391,2.91115164198158,5.85976386435308
"Extant fauna",3243,3.09105452778187,1.38231802210281,2.97438718396846,6.07159617898302
"Extant fauna",3372,3.1640074434813,1.40052890581696,3.04141895256812,6.28755928241307
"Extant fauna",3507,3.23870109385418,1.41892108613594,3.10858633552542,6.50906267311958
"Extant fauna",3647,3.31447107963093,1.43594825627674,3.18335210306283,6.75016314970166
"Extant fauna",3792,3.39122986258389,1.45330078150433,3.25218892224558,6.98845606531217
"Extant fauna",3943,3.46940687439245,1.47181221606688,3.32218549817006,7.21701588154091
"Extant fauna",4100,3.54889035645261,1.49092214706132,3.3966952728159,7.4536742813277
"Extant fauna",4264,3.63006391971602,1.50930415408084,3.47268597698052,7.72210746164971
"Extant fauna",4433,3.71183775761472,1.52741843165126,3.54883907889277,7.97612329970605
"Extant fauna",4610,3.79555345729922,1.54905435599141,3.62387121501803,8.24413794964028
"Extant fauna",4794,3.88060162997014,1.57244885708299,3.70358809449201,8.55582618111545
"Extant fauna",4985,3.96686894204723,1.59242740165796,3.77727802634593,8.89946620186138
"Extant fauna",5184,4.0546847392627,1.61301901644564,3.85843554993271,9.26769577990016
"Extant fauna",5390,4.14349212127282,1.63200932122291,3.94324164093452,9.60765685167672
"Extant fauna",5605,4.23402969468599,1.65212353749237,4.02346207837543,9.95491984153536
"Extant fauna",5828,4.32574486453658,1.67500507747055,4.10240241991639,10.3233186078875
"Extant fauna",6061,4.41932198470127,1.69172900252534,4.18720747649793,10.6535317504062
"Extant fauna",6302,4.51382712386535,1.71163659524369,4.27921548229948,11.0301691961577
"Extant fauna",6553,4.60992190508001,1.73160319416441,4.3643343910357,11.4835813195464
"Extant fauna",6814,4.70746360588405,1.75159419328986,4.45771820140464,11.9556403123739
"Extant fauna",7086,4.80667820254201,1.76949130370162,4.54916878091815,12.4260489319704
"Extant fauna",7368,4.90706166029703,1.78703619986549,4.63409551579939,12.8745419164306
"Extant fauna",7662,5.00918239027057,1.8007568942154,4.72316903607514,13.3437577237314
"Extant fauna",7967,5.11254528179785,1.81367043655204,4.81317106050512,13.8340423678631
"Extant fauna",8285,5.21767713903228,1.82651602275621,4.90509825984207,14.318241265892
"Extant fauna",8615,5.32409314948878,1.83923261347053,5.00109868165913,14.8497267488707
"Extant fauna",8958,5.43197118067878,1.85795245997834,5.08862986941106,15.4129206152868
"Extant fauna",9315,5.5414668941463,1.87556243330191,5.18062132538856,16.0387603264669
"Extant fauna",9687,5.65271504723305,1.89736788322408,5.278893491989,16.6914157500474
"Extant fauna",10073,5.76525499035708,1.91637160694537,5.37973515120183,17.3328535295444
"Extant fauna",10474,5.87922703918802,1.93309394594163,5.49318938387034,17.9735995789567
"Extant fauna",10891,5.99475249238954,1.9488714958592,5.57586355540391,18.6787446677325
"Extant fauna",11325,6.11193483693712,1.96687359651343,5.66393297340038,19.396546004192
"Extant fauna",11777,6.23086088944725,1.98881664800258,5.76797973747547,20.1354713849599
"Extant fauna",12246,6.35109578593132,2.0087464693546,5.86639823601655,20.8602354798973
"Extant fauna",12734,6.47298202252242,2.02913529976808,5.97126872714396,21.5765033287344
"Extant fauna",13242,6.59658126425847,2.04269853271584,6.07292138919694,22.3167933441221
"Extant fauna",13769,6.7214741256626,2.05571764053564,6.18719808279942,23.0781176831389
"Extant fauna",14318,6.84818897059852,2.06983517916129,6.29106255750122,23.8650029217286
"Extant fauna",14889,6.9765279638745,2.08591218333875,6.40854158551288,24.6772807611361
"Extant fauna",15482,7.10630623201145,2.1032322807973,6.52006758253744,25.5144757110345
"Extant fauna",16099,7.23777190273266,2.12320716116958,6.64322431263853,26.3827052026413
"Extant fauna",16741,7.37093583508848,2.14318116981741,6.76059909040539,27.3385041266932
"Extant fauna",17408,7.50560101600417,2.16312224618037,6.87777370627767,28.3452526056373
"Extant fauna",18101,7.64177773125758,2.18344180991214,7.0005909445783,29.3589693823082
"Extant fauna",18823,7.77984567268157,2.20637867744284,7.12504810794398,30.3636863063524
"Extant fauna",19573,7.91940238767677,2.22933146475207,7.25471757312284,31.4054228860681
"Extant fauna",20353,8.06061590520704,2.25023175608105,7.37145519972271,32.5562201801716
"Extant fauna",21164,8.20345525485878,2.26808495836445,7.49838288500197,33.755153538877
"Extant fauna",22007,8.34788493197691,2.28314520751422,7.60932550032247,34.9971397567701
"Extant fauna",22884,8.49402981851792,2.29601376520851,7.74060142160177,36.3403001774446
"Extant fauna",23796,8.64183345854882,2.31228929588682,7.87038890752138,37.7439000706758
"Extant fauna",24745,8.79139254361911,2.32597164150317,8.00340505757214,39.2026706074116
"Extant fauna",25731,8.94248251839525,2.34686058371168,8.1392310504522,40.6864890699268
"Extant fauna",26756,9.09518869404613,2.36934756896119,8.28223589216005,42.1283223989103
"Extant fauna",27823,9.2497217982881,2.38590229290308,8.42767257120867,43.6866412750014
"Extant fauna",28931,9.40570534864277,2.39851867647793,8.55796461796395,45.3249159744895
"Extant fauna",30084,9.5634700787887,2.41105509602664,8.69216752839221,46.8598066219386
"Extant fauna",31283,9.72290839358331,2.4248307948062,8.84419690817742,48.4311380068762
"Extant fauna",32530,9.884042680724,2.44264025161019,8.97950083448308,50.146861341572
"Extant fauna",33826,10.0467598946592,2.46038010911824,9.12338242806104,51.979471250675
"Extant fauna",35174,10.2111909918283,2.47806347692795,9.26737139078813,53.7780970262167
"Extant fauna",36576,10.3773262955854,2.49568793457913,9.41082530131817,55.4495745562788
"Extant fauna",38034,10.5451475656412,2.5132502876702,9.54595187557228,57.1691912481309
"Extant fauna",39550,10.7146289219453,2.53074671857773,9.69497181828562,58.9379389153246
"Extant fauna",41126,10.8857377156155,2.54713150931162,9.85481509457396,60.9799204978994
"Extant fauna",42765,11.0585392463108,2.56248032369223,10.0077903538454,63.4000847055919
"Extant fauna",44469,11.2329806784349,2.57774318507294,10.1553269530277,66.0128004746385
"Extant fauna",46241,11.4091031302609,2.5929232328846,10.3034576552218,68.2778724901003
"Extant fauna",48084,11.5869329407354,2.60802218894541,10.4472408500656,70.5846854188075
"Extant fauna",50000,11.766390755013,2.62303290926564,10.6004827639299,72.9659917527152
