"taxon_id","species","specimen_number","mass_t","publication_year","source"
"Argentinosaurushuinculensis","Argentinosaurus huinculensis","MLP-DP 46-VIII-21-3",76.2199536593957,1993,"Smith et al. 2001; Mazzetta et al., 2004; Bonaparte, 1996, Carballido et al. 2017"
"Brachiosaurusaltithorax","Brachiosaurus altithorax","FMNH P25107",62.787729381194,1903,"D'Emic & Carrano 2020"
"Barosauruslentus","Barosaurus lentus","BYU 9024",60,1890,"Molina-Perez & Larramendi 2020. Dinosaur Facts and Figures: The Sauropods and Other Sauropodomorphs. Princeton University Press, 272 pp.; Taylor, M. and Wedel, M. 2016. How big did Barosaurus get? Symposium on Vertebrate Palaeontology and Comparative Anatomy Abstracts."
"Chucarosaurus diripienda","Chucarosaurus diripienda","MPCA PV 820",59.1112646563173,2024,"Agnolin et al. 2024"
"Titanosauriaindet.","Titanosauria indet.","MOZ-Pv 1221",54.3792364182215,2021,"Otero et al. 2021"
"Notocolossusgonzalezparejasi","Notocolossus gonzalezparejasi","UNCUYO-LD 301",49.4356694711104,2016,"Gonzalez-Riga et al. 2016"
"Dreadnoughtusschrani","Dreadnoughtus schrani","MPM-PV 1156",48.7309802484319,2014,"Lacovara et al. 2014"
"Patagotitanmayorum","Patagotitan mayorum","MPEF-PV 3400/27",48.677143747094,2017,"Carballido et al., 2017"
"Australotitancooperensis","Australotitan cooperensis","EMF102",48.5085953595949,2021,"Hocknull et al. 2021"
"Yunmenglongruyangensis","Yunmenglong ruyangensis","1HIII-0006",48.1331091909705,2013,"Lu et al. 2013"
"Turiasaurusriodevensis","Turiasaurus riodevensis","CPT-1195 to -1210",47.0592351142679,2006,"Royo Torres et al. 2006"
"Giraffatitanbrancai","Giraffatitan brancai","MB.R.2688 (HMN XV2)",46.1606571407624,1914,"Paul, 1988"
"Ruyangosaurus_giganteus","Ruyangosaurus_giganteus","41HIII-0002",44.6865729881731,2017,"pers. obs."
"Paralititanstromeri","Paralititan stromeri","CGM 81119",41.7870322644184,2001,"Smith et al. 2001; McPhee et al. 2018"
"Antarctosaurussp.","Antarctosaurus sp.","FMNH P13109",40.6555054043099,1929,"pers obs.; Mazzetta et al. 2004"
"Sauroposeidonproteles","Sauroposeidon proteles ","OMNH 53062",39.7197961194116,2000,"pers. obs."
"Losillasaurusgiganteus","Losillasaurus giganteus","Lo-7",37.976219023628,2001,"McPhee et al. 2018"
"Apatosauruslouisae","Apatosaurus louisae","CM 3018",34.6173970300898,1915,"pers. obs.; Anderson et al. 1985"
"Xinjiangtitanshanshanesis","Xinjiangtitan shanshanesis","SSV1201",32.3072038864758,2013,"Wu et al. 2003"
"Futalognkosaurusdukei","Futalognkosaurus dukei","F51",32.1387719317708,2007,"Gonzalez-Riga et al. 2016"
"Bustingorrytitan shiva","Bustingorrytitan shiva","MMCH-Pv 59/20; MMCH-Pv 59/30",31.9659856251326,2023,"Simón and Salgado 2023"
"Antarctosauruswichmannianus","Antarctosaurus wichmannianus",NA,31.8830305580219,1929,"McPhee et al. 2018"
"Traukutitaneocaudata","Traukutitan eocaudata","MUCPv 204",31.8830305580219,2011,"McPhee et al. 2018"
"Elaltitanlilloi","Elaltitan lilloi","PVL 4628",31.6792624060163,2012,"pers. obs."
"Antarctosaurusgiganteus","Antarctosaurus giganteus","MLP 26-316",31.4622514566368,1929,"pers. obs."
"MPEFPV3098","MPEF PV 3098","MPEF PV 3098",31.1269137278152,2006,"Rauhut 2006; Carballido, pers. comm. 2011"
"Daxiatitanbinglingi","Daxiatitan binglingi","GSLTZP03-001",31.0448572328323,2008,"McPhee et al. 2018"
"Tobaindet.Titanosauriform","Toba indet. Titanosauriform","MPM Fo-0014",30.9975059171731,2006,"Tomida et al. 2006"
"Galveosaurusherreroi","Galveosaurus herreroi","CLH-16",30.2834270065463,2005,"McPhee et al. 2018"
"Alamosaurussanjuanensis","Alamosaurus sanjuanensis","TMM 41541-1",29.7708950299805,1922,"pers. obs."
"Argyrosaurussuperbus","Argyrosaurus superbus","MLP 77-V-29-1",28.7540655280375,1893,"Powell 2003"
"Zbyatlanticus","Zby atlanticus","ML 368",28.7540655280375,2014,"Mateus et al. 2014"
"Lusotitanatalaiensis","Lusotitan atalaiensis ","no #",28.1786082549022,1957,"Mannion pers. comm. 2011"
"Tehuelchesaurusbenitezii","Tehuelchesaurus benitezii","MPEF 1125-J",28.1786082549022,1999,"pers. obs."
"Haplocanthosaurusdelfsi","Haplocanthosaurus delfsi","CMNH 10380",27.7292802606429,1988,"McIntosh et al. 1988"
"Zhuchengtitanzangjiazhuangensis","Zhuchengtitan zangjiazhuangensis",NA,27.7233145875478,2017,"Cashmore et al. 2020"
"Fusuisauruszhaoi","Fusuisaurus zhaoi","NHMG 6729",27.0487918624005,2020,"Mo et al. 2020"
"Antarctosaurusbrasiliensis","Antarctosaurus brasiliensis",NA,26.7691107205277,2018,"Benson et al. 2018"
"Savannasauruselliottorum","Savannasaurus elliottorum","AODF660",26.7153044780347,2016,"Hocknull et al. 2021"
"Camarasaurussupremus","Camarasaurus supremus","AMNH 5761",26.4943729162333,1877,"Osborn and Mook 1921"
"Lourinhasaurusalenquerensis","Lourinhasaurus alenquerensis","no #",26.1166185393672,1957,"Lapparent and Zbyszewski 1957"
"Apatosaurusexcelsus","Apatosaurus excelsus",NA,26.0657818091444,1879,"McPhee et al. 2018"
"Diplodocushallorum","Diplodocus hallorum","NMMNH P-25079",25.5514490812652,1991,"Herne and Lucas, 2006; McPhee et al. 2018; J. Spielmann pers. Comm. 2011"
"Amphicoeliasaltus","Amphicoelias altus","AMNH 5764",25.3671636184361,1877,"Osborn and Mook 1921"
"Jobariatiguidensis","Jobaria tiguidensis ","F170",25.3104297433828,1999,"pers. obs."
"Apatosaurusajax","Apatosaurus ajax","YPM 1860",25.0120569880052,1877,"McPhee et al. 2018"
"Wintonotitanwattsi","Wintonotitan wattsi","QMF 7292",24.6611736261759,2009,"McPhee et al. 2018; Hocknull et al. 2021"
"Camarasauruslentus","Camarasaurus lentus","DINO 4514",23.5686062236484,1889,"Benson et al. 2018"
"Chubutisaurusinsignis","Chubutisaurus insignis","MACN 18222",23.5522642924436,1975,"pers. obs."
"Gongxianosaurusshibeiensis","Gongxianosaurus shibeiensis",NA,23.0446318737827,1998,"McPhee et al. 2018"
"Cetiosaurusoxoniensis","Cetiosaurus oxoniensis","OUMNH J13615",22.9832134918424,1870,"Upchurch and Martin 2003"
"Cetiosauriscusstewarti","Cetiosauriscus stewarti","NHMUK R.3078",22.6057457351936,1980,"Smith Woodward 1905"
"Tangvayosaurushoffeti","Tangvayosaurus hoffeti","TV 4-1",22.5277944845051,1999,"pers. obs."
"Atlasaurusimelakei","Atlasaurus imelakei",NA,22.3762536370731,1999,"McPhee et al. 2018"
"Rhoetosaurusbrownei","Rhoetosaurus brownei ","QM F1659",22.3570954977023,1926,"J. Nair pers. comm. 2011"
"Opisthocoelicaudiaskarzynskii","Opisthocoelicaudia skarzynskii","ZPAL MgD-I/48",21.9160590928416,1977,"Borsuk-Bialynicka 1977"
"Apatosaurusparvus","Apatosaurus parvus","UWGM 15556",21.5068404689055,1902,"McPhee et al. 2018"
"Diamantinasaurusmatildae","Diamantinasaurus matildae","AODF 603",21.3264676869167,2009,"Gonzalez-Riga et al. 2016; Hocknull et al. 2021"
"Patagosaurusfariasi","Patagosaurus fariasi","PVL 4170",20.6120884024004,1979,"McPhee et al. 2018"
"Kaijutitanmaui","Kaijutitan maui","MAU-Pv-CM-522",20.0942611566869,2019,"Filippi et al. 2019"
"Duriatitanhumerocristatus","Duriatitan humerocristatus","NHMUK 44635",19.7237378705244,1874,"Hulke 1874"
"Gobititanshenzhouensis","Gobititan shenzhouensis","IVPP 12579",19.0295974382797,2003,"McPhee et al. 2018"
"Jiangshanosauruslixianensis","Jiangshanosaurus lixianensis","ZMNH M1322",18.6459272366834,2001,"Mannion et al. 2019"
"Haplocanthosauruspriscus","Haplocanthosaurus priscus","CM 572",18.3713936006814,1903,"Benson et al. 2018"
"Huabeisaurusallocotus","Huabeisaurus allocotus ","HBV-20001",18.2669973761202,2000,"pers. obs."
"Andesaurusdelgadoi","Andesaurus delgadoi","MUCPv-132",17.9335324308663,1991,"McPhee et al. 2018"
"BrontosaurusEobrontosaurusyahnahpin","Brontosaurus 'Eobrontosaurus' yahnahpin","TATE 001",17.9335324308663,1999,"Benson et al. 2018"
"Aragosaurusischiaticus","Aragosaurus ischiaticus","MMG-SS",17.8927873662245,1987,"Royo Torres et al. 2006"
"Garumbatitan morellensis","Garumbatitan morellensis","SAV05-024",16.8699334268765,2024,"Mocho et al. 2024"
"Mamenchisaurushochuanensis","Mamenchisaurus hochuanensis","no number",16.5134703951949,1965,"Young and Zhao 1972; Mazzetta et al. 2004"
"Ligabuesaurusleanzai","Ligabuesaurus leanzai","MCF PHV 233",16.4900450859415,2006,"pers. obs."
"Petrobrasauruspuestohernandezi","Petrobrasaurus puestohernandezi","MAU-Pv-PH-449",16.1616276031026,2011,"Filippi et al. 2011"
"Sidersaura marae","Sidersaura marae","MMCh-PV 236",16.1616276031026,2024,"Lerzo et al. 2024"
"Camarasaurusgrandis","Camarasaurus grandis","GMNH 101",15.9568367591048,1877,"McPhee et al. 2018"
"Isisauruscolberti","Isisaurus colberti","ISI R335",15.8396530827588,1997,"Jain and Bandyopadhyay 1997"
"Lingwulongshenqi","Lingwulong shenqi",NA,15.6569215080805,2018,"Xu et al., 2018"
"Mamenchisaurusconstructus","Mamenchisaurus constructus","IVPP V946",15.4712301063735,1954,"McPhee et al. 2018"
"Abydosaurusmcintoshi","Abydosaurus mcintoshi","DINO 39725",15.2683079430231,2010,"S. Finch, pers. comm. 2021"
"Sonorasaurusthompsoni","Sonorasaurus thompsoni","ADSM 500",14.812747471626,1998,"D'Emic et al. 2016"
"Chuanjiesaurusanaensis","Chuanjiesaurus anaensis","LFGT LCD #",14.470978137309,2000,"Sekiya, 2011"
"Diplodocuscarnegiei","Diplodocus carnegiei","CM 84",14.470978137309,1901,"McPhee et al. 2018"
"Galeamopushayi","Galeamopus hayi",NA,14.4206627284062,2015,"McPhee et al. 2018"
"Moabosaurusutahensis","Moabosaurus utahensis","BYU 14783",14.2757006949179,2017,"Britt et al. 2017"
"Vouivriadamparisensis","Vouivria damparisensis ","MNHN.F.1934.6 DAM 19, 28–30",14.0687784660933,2017,"Mannion et al. 2017"
"Rebbachisaurusgarasbae","Rebbachisaurus garasbae ","no #",13.9538197520041,1954,"Lavocat 1954"
"Xianshanosaurusshijiagouensis","Xianshanosaurus shijiagouensis","KLR-07-62",13.7628324345784,2009,"Lu et al. 2009"
"Aegyptosaurusbaharijensis","Aegyptosaurus baharijensis","BSP 1912 VIII 61 (?destroyed)",13.6363968446587,1958,"McPhee et al. 2018"
"Dongbeititandongi","Dongbeititan dongi","D2867",13.6363968446587,2007,"McPhee et al. 2018"
"Comahuesauruswindhauseni","Comahuesaurus windhauseni","MOZ-PV 6761, 6762",13.2120977975317,2012,"Carballido et al. 2012"
"Camarasauruslewisi","Camarasaurus lewisi","BYU 9047",12.9542856194448,1988,"McPhee et al. 2018"
"Janenschiarobusta","Janenschia robusta","MB.R.2095.7",12.8926401336333,1908,"Mannion et al. 2019"
"Cedarosaurusweiskopfae","Cedarosaurus weiskopfae","DMNH 39045",12.6006684771532,1999,"Tidwell et al. 1999"
"Brachytrachelopanmesai","Brachytrachelopan mesai","MEF-Pv 1716",12.5302493097388,2005,"pers. obs."
"Rapetosauruskrausei","Rapetosaurus krausei ","FMNH PR 2342",12.5302493097388,2001,"pers. obs."
"NHMUK PV R16500","NHMUK PV R16500","NHMUK PV R16500",12.4849741865196,2024,"Higgins et al. 2024"
"Arrudatitanmaximus","Arrudatitan maximus","MPMA 12-0001-97",12.2921433933174,2011,"est from pers. comm., Santucci 2011"
"Cathartesauraanaerobica","Cathartesaura anaerobica","MPCA- 232",11.9401879807218,2005,"Gallina and Apesteguia 2005; P. Gallina pers. comm. 2011"
"Tastavinsaurussanzi","Tastavinsaurus sanzi ","MPZ-99/9",11.9401879807218,2008,"Royo Torres et al. 2006"
"Aeolosaurusrionegrinus","Aeolosaurus rionegrinus","MJG-R1",11.9112291365869,1987,"Powell, 2003"
"Epachthosaurussciuttoi","Epachthosaurus sciuttoi ","UNPSJB-PV 920",11.7517972352684,1990,"Martinez et al. 2004"
"Tornieriaafricana","Tornieria africana","SMNS 12140; MB.R.2672 [A1]",11.7517972352684,1908,"Remes 2006; est. from K. Remes pers. comm. 2011"
"Angolatitanadamastor","Angolatitan adamastor","MGUANPA-003",11.7089908218357,2011,"Mateus et al. 2011"
"Qingxiusaurusyoujiangensis","Qingxiusaurus youjiangensis","NHMG 8499",11.5088588751058,2008,"Mo et al. 2008"
"Ledumahadimafube","Ledumahadi mafube","BP/1/7120",11.4087564324814,2018,"McPhee et al. 2018"
"Limaysaurustessonei","Limaysaurus tessonei","MUCPv-205",11.3798630704645,1995,"McPhee et al. 2018"
"Erketuellisoni","Erketu ellisoni","IGM 100/1803",11.3626932865567,2006,"Ksepka and Norell 2006"
"Dyslocosauruspolyonychius","Dyslocosaurus polyonychius",NA,11.0921342873587,1992,"McIntosh et al 1992"
"Phuwiangosaurussirindhornae","Phuwiangosaurus sirindhornae  ","PW 1-8, -16, -17",10.8355661592131,1994,"pers. obs."
"Amargatitanismacni","Amargatitanis macni","MACN PV N 34",10.8116328447849,2007,"pers. obs."
"Panamericansaurusschroederi","Panamericansaurus schroederi","MUCPv-417",10.7929373265935,2010,"Calvo & Porfiri, 2010"
"Jainosaurusseptentrionalis","Jainosaurus septentrionalis","BMNH R5931",10.7168137203415,1933,"Benson et al. 2018"
"Omeisaurustianfuensis","Omeisaurus tianfuensis","T5701",10.5940741451236,1988,"He et al. 1988; Mazzetta et al. 2004"
"Mierasaurusbobyoungi","Mierasaurus bobyoungi","DBGI 39",10.432671173025,2017,"Royo-Torres et al. 2017"
"Analongchuanjieensis","Analong chuanjieensis","LFGT LCD 9701–1",10.2727764353921,2011,"Sekiya, 2011"
"Mendozasaurusneguyelap","Mendozasaurus neguyelap ","IANIGLA-PV 073/4",10.2727764353921,2003,"GonzalezRiga et al., 2018"
"Dashanpusaurusdongi","Dashanpusaurus dongi","ZDM 5028",9.99258865667894,2005,"Peng et al. 2005; Benson et al. 2018"
"Klamelisaurusgobiensis","Klamelisaurus gobiensis","IVPP V9492",9.82335463377366,1993,"McPhee et al. 2018"
"Suuwasseaemilieae","Suuwassea emilieae","ANS 21122",9.80116976524231,2004,"Harris, 2007"
"Tazoudasaurusnaimi","Tazoudasaurus naimi ","To 1-4",9.74111180309599,2004,"Peyer and Allain 2010"
"Amargasauruscazaui","Amargasaurus cazaui","MACN-N 15",9.68367072648339,1991,"Salgado and Bonaparte 1991"
"Lirainosaurusastibiae","Lirainosaurus astibiae","MGUV 17165",9.68127883092812,1999,"Company 2010; J. Company, pers. comm. 2011"
"Oceanotitandantasi","Oceanotitan dantasi","SHN 181",9.64817980326464,2019,"Mocho et al. 2019"
"Spinophorosaurusnigerensis","Spinophorosaurus nigerensis",NA,9.2719132359291,2009,"McPhee et al. 2018"
"Anhuilongdiboensis","Anhuilong diboensis","AGB 5822",9.26872268721749,2018,"Ren et al. 2018"
"Huangshanlonganhuiensis","Huangshanlong anhuiensis",NA,9.26872268721749,2014,"Huang et al. 2014"
"Omeisaurusmaoianus","Omeisaurus maoianus","ZNM N8510",9.19532271747842,2001,"Feng et al. 2001"
"Dicraeosaurussattleri","Dicraeosaurus sattleri",NA,9.19086844608049,1914,"Benson et al. 2018"
"Pellegrinisauruspowelli","Pellegrinisaurus powelli","MPCA 1500",8.99830159203163,1996,"pers. obs."
"Laplatasaurusaraukanicus","Laplatasaurus araukanicus","MLP-CS 1128",8.98964350723093,1929,"Gallina & Otero, 2015"
"Vulcanodonkaribaensis","Vulcanodon karibaensis","NMZ QG24",8.75567635183685,1972,"Yates and Kitching 2003; est. from Cooper 1984"
"Omeisaurusjiaoi","Omeisaurus jiaoi","ZDM 5050",8.53140598505447,2011,"McPhee et al. 2018"
"Igai semkhu","Igai semkhu","Vb-634",8.52465836840311,2023,"Gorscak et al. 2023"
"Ferganasaurusverzilini","Ferganasaurus verzilini","PIN N 3042/1",8.12636902559571,2003,"Alifanov & Averianov 2003"
"Omeisaurusjunghsiensis","Omeisaurus junghsiensis",NA,8.10139966343343,1939,"McPhee et al. 2018"
"Ampelosaurusatacis","Ampelosaurus atacis","C33-1297",7.67459511778178,1995,"pers. obs."
"Chadititan calvoi","Chadititan calvoi","MPCN-Pv 1034",7.60258780061476,2024,"Agnolin et al. 2024"
"Tapuiasaurusmacedoi","Tapuiasaurus macedoi","MZSP-PV 807",7.60258780061476,2011,"McPhee et al. 2018"
"Zapalasaurusbonapartei","Zapalasaurus bonapartei ","PV-6127-MOZ",7.51460762619162,2006,"est. from Salgado et al. 2006; Whitlock pers. comm. 2011"
"Maxakalisaurustopai","Maxakalisaurus topai  ","MN 5013-V",7.16695145389769,2006,"J. A. Wilson pers. comm 2011"
"Fukuititannipponensis","Fukuititan nipponensis","FPDM V8468",7.14074114081421,2010,"Azuma and Shimada 2010"
"Omeisaurusmaoianus2","Omeisaurus maoianus2",NA,7.14074114081421,2018,"McPhee et al. 2018"
"Titanomachya gimenezi","Titanomachya gimenezi","MPEF Pv 11547, ",7.14074114081421,2024,"Perez Moreno et al. 2024"
"Yuanmousaurusjiangyiensis","Yuanmousaurus jiangyiensis ","YMV 601",7.14074114081421,2006,"Lu et al. 2006"
"Uriash kadici","Uriash kadici","MBFSZ Ob.3103",6.99978713787251,2025,"Díez Díaz et al. 2025"
"Saltasaurusloricatus","Saltasaurus loricatus","PVL  4017-63",6.96980759905222,1980,"Powell 2003"
"Mansourasaurusshahinae","Mansourasaurus shahinae","MUVP 200",6.68036442155798,2018,"Cashmore et al. 2020"
"Dicraeosaurushansemanni","Dicraeosaurus hansemanni","Q11",6.44486768573602,1914,"J. Whitlock pers. comm. 2011"
"Shunosauruslii","Shunosaurus lii","IVPP V9065",6.25308201654269,1983,"McPhee et al. 2018"
"Narambuenatitanpalomoi","Narambuenatitan palomoi","MAU-Pv-N-425",6.1471546506596,2011,"L. Filippi pers. comm. 2011"
"Rukwatitanbisepultus","Rukwatitan bisepultus","RRBP 0315",6.03390980759781,2014,"Cashmore et al. 2020"
"Shingopanasongwensis","Shingopana songwensis","RRBP 02100",6.03390980759781,2017,"Gorscak et al. 2017"
"Kotasaurusyamanpalliensis","Kotasaurus yamanpalliensis",NA,5.77492884651664,1988,"McPhee et al. 2018"
"Mamenchisaurusyoungi","Mamenchisaurus youngi","ZDM 0083",5.77492884651664,2002,"McPhee et al. 2018"
"Eomamenchisaurus","Eomamenchisaurus","CXMVZA 165",5.77146069836387,2008,"McPhee et al. 2018"
"Pitekunsaurusmacayai","Pitekunsaurus macayai ","MAU-Pv-AG-446",5.66020779706251,2008,"pers. obs."
"Trigonosauruspricei","Trigonosaurus pricei","DGM Series B",5.66020779706251,2005,"pers. obs."
"Borealosauruswimani","Borealosaurus wimani","LPM0170",5.59654914770023,2004,"Cashmore et al. 2020"
"Mnyamawamtukamoyowamkia","Mnyamawamtuka moyowamkia","RRBP 05834",5.59654914770023,2019,"Gorscak & O'Connor 2019"
"Omeisauruspuxiani","Omeisaurus puxiani","CLGRP V00005",5.39733421011648,2020,"Tan et al. 2020"
"Galeamopuspabsti","Galeamopus pabsti","SMA 0011",5.33913664910728,2017,"Tschopp & Mateus 2017"
"Antetonitrusingenipes","Antetonitrus ingenipes","BP/1/4952",5.24299684302487,2003,"McPhee et al. 2018"
"Lohuecotitanpandafilandi","Lohuecotitan pandafilandi","HUE-03108",5.22835299425838,2016,"Díez Díaz et al., 2016"
"Barapasaurustagorei","Barapasaurus tagorei","ISIR 50",5.09138966220067,1975,"McPhee et al. 2018"
"Haestasaurusbecklesii","Haestasaurus becklesii","NHMUK R1870",5.05776100509631,2015,"Upchurch et al. 2015"
"AmanziaCetiosauriscusgreppini","Amanzia 'Cetiosauriscus' greppini","M.H. 341",4.82025927975897,1922,"Schwarz et al. 2020"
"Malawisaurusdixeyi","Malawisaurus dixeyi ","MAL-201",4.82025927975897,1993,"Gomani 2005"
"Euhelopuszdanskyi","Euhelopus zdanskyi","PMU 233",4.71770978955482,1929,"Wiman 1929"
"Atacamatitanchilensis","Atacamatitan chilensis","SGO-PV-961",4.6173098563554,2011,"McPhee et al. 2018"
"Tonganosaurushei","Tonganosaurus hei","MCDUT 14454",4.5293748230005,2019,"Li et al. 2010"
"Neuquensaurusaustralis","Neuquensaurus australis ","MCS 5-8, -9",4.40799995721516,1992,"pers. obs."
"Rayososaurusagrioensis","Rayososaurus agrioensis  ","MACN-N41",4.23880849706711,1996,"Carballido et al. 2011, Carballido pers. comm. 2011"
"Gondwanatitanfaustoi","Gondwanatitan faustoi","MN 4111-V",4.0432651849706,1999,"pers. obs."
"Petrustitan  hungaricus","Petrustitan  hungaricus","NHMUK R.3853",3.96589355374434,2025,"Díez Díaz et al. 2025"
"Soriatitangolmayensis","Soriatitan golmayensis","MNS 2001/122.611",3.5685377204885,2017,"Royo-Torres et al. 2017; Cashmore et al. 2020"
"Sanpasaurusyaoi","Sanpasaurus yaoi","IVPP V156B",3.44260825032181,1944,"McPhee et al. 2016"
"Lessemsaurussauropoides","Lessemsaurus sauropoides","CRILAR PV-302",3.37326535477238,1999,"McPhee et al. 2018"
"Rinconsauruscaudamirus","Rinconsaurus caudamirus",NA,3.24063973019592,2003,"pers. obs."
"Isanosaurusattavipachi","Isanosaurus attavipachi","CH4",3.11126089552156,2000,"Buffetaut et al. 2000; pers obs"
"Garrigatitanmeridionalis","Garrigatitan meridionalis","MMS/VBN.00.13",3.07457948923426,2020,"Diez Diaz et al. 2020"
"Dystrophaeusviaemalae","Dystrophaeus viaemalae","USNM 2364",3.01570726936429,1877,"McPhee et al. 2018"
"Ingentiaprima","Ingentia prima","PVSJ 1086",3.01570726936429,2018,"Apaldetti et al. 2018"
"Demandasaurusdarwini","Demandasaurus darwini","MDS-RVII,16",2.88646757925525,2011,"Est from Fernandez-Baldor et al. 2011"
"Kunmingosauruswudingensis","Kunmingosaurus wudingensis",NA,2.88646757925525,1966,"McPhee et al. 2018"
"Uberabatitanribeiroi","Uberabatitan ribeiroi","CPT 894-UrC, 1030-UrHo, 898-UrB",2.83791196568351,2008,"Silva Junior et al. 2019"
"Bravasaurusarreirosorum","Bravasaurus arreirosorum","CRILAR-Pv 612",2.64242466396442,2020,"Hechenleitner et al. 2020"
"Paludititannalatzensis","Paludititan nalatzensis","UBB NVM1-53",2.60266174924252,2010,"J. A. Wilson pers. comm 2011"
"Nigersaurustaqueti","Nigersaurus taqueti","G33-2a",2.56955295004401,1999,"pers. obs."
"Titanosauriaindet.LosBastos","Titanosauria indet. Los Bastos","MMS-PV-15",2.47008459073543,2021,"Bellardini et al. 2021"
"DahklaFormationindet","Dahkla Formation indet","Vb-646",2.40151934353647,1997,"Rauhut and Wener 1997"
"Schleitheimia","Schleitheimia","MzA NAT15046,",2.26325502671525,2020,"Rauhut et al. 2020"
"Jordantaxon","Jordan titanosaur -- new genus and species","UMMP 14372",1.80109724501909,2006,"Wilson et al., 2006; D'Emic and Wilson, 2012; pers. obs."
"Muyelensauruspecheni","Muyelensaurus pecheni",NA,1.65903076544735,2007,"pers. obs."
"Sauropodaindet.2","Sauropoda indet.2","NMQR 1551",1.6085144930226,2018,"McPhee et al. 2018"
"Volkheimeriachubutensis","Volkheimeria chubutensis","PVL 4077",1.49049015958264,1979,"McPhee et al. 2018"
"Sauropodaindet.1","Sauropoda indet.1","NMQR 3314",1.35353157925882,2018,"McPhee et al. 2018"
"Europasaurusholgeri","Europasaurus holgeri","DMFFH/Mv 837.1",1.31818226550945,2006,"Carballido et al. 2020"
"Meroktenosthabanensis","Meroktenos thabanensis","MNHN.F.LES16c",1.09038039651388,2016,"Peyre de Fabrègues & Allain 2016"
"Bellusaurussui","Bellusaurus sui","IVPP V8300/V8299 (CS) (FL=525); Dong 1990; Royo-Torres et al. 2006 (circumference of cast femur with FL=500 given as 710, which is clearly much too high)",1.02458435042225,1990,"McPhee et al. 2018; Benson et al. 2018"
"Bagualiaalba","Bagualia alba","MPEF-PV 3301",1,2020,"mass is that reported in Pol et al. 2020"
"Magyarosaurusdacus","Magyarosaurus dacus","BMNH R3856, R3855",0.74914685199782,2018,"McPhee et al. 2018"
