"m","estimate_cm","lower95_cm","median_cm","upper95_cm"
14,325.108632496487,325.104748756085,326.791330755251,330.261539119971
15,327.28948244478,325.065567007818,327.851140634093,332.150937368182
16,329.297092621693,325.633830949636,329.455825884419,334.015165894758
17,331.154591289385,326.480340928417,331.183939483246,335.940261287067
18,332.88089947528,327.960686600768,332.904871480172,337.764383373072
19,334.491679055716,329.484346104177,334.514177427572,339.468647618328
20,336.000030079305,331.035518099167,335.997257214359,340.989634730612
21,337.417012540213,332.368114241166,337.404184472801,342.476971809093
22,338.752042830637,333.603638947273,338.731619115349,343.935855720065
23,340.013199153029,334.856499783458,339.991383449907,345.254771402044
25,342.340890822643,336.973272330918,342.379104101595,347.812350092425
26,343.41879635945,337.968577127378,343.44574461363,348.947543636386
27,344.445838636463,338.955301953033,344.458216655193,350.024553028219
28,345.42613606454,339.8739051882,345.451468127229,351.048839537685
30,347.260716879181,341.510621185553,347.251250904454,353.02935899856
31,348.121170671102,342.303598448947,348.086009013105,353.919198082688
32,348.947320930825,343.117284763675,348.889836817868,354.781805473054
34,350.505914145451,344.62737490888,350.428988827225,356.439298942249
36,351.952800495954,346.017384564958,351.876816995998,358.008590407349
37,352.638656587843,346.625422802701,352.542900009075,358.77480662121
39,353.942530740609,347.784223395544,353.807590942476,360.239289135852
41,355.16436202858,348.873592077381,355.029969543995,361.551411563677
43,356.31288806072,349.905618561273,356.157220472461,362.798892393364
45,357.395567210546,350.926234583134,357.230648669427,363.917106355341
47,358.418812706757,351.912671133656,358.242493931481,364.999688800351
49,359.388176013565,352.812264222254,359.233557559526,366.012485025594
52,360.75160141454,354.082983568579,360.583758991142,367.367333122052
54,361.60612488285,354.854108628451,361.428910071739,368.204158463655
57,362.815045459991,355.972302121388,362.641465102059,369.461362142996
60,363.945463687958,357.058043662573,363.770612244275,370.655170376501
63,365.005980959221,358.105882822842,364.838857458297,371.731549592019
66,366.003905750499,359.063200573228,365.831132851629,372.739788790828
69,366.945496147744,359.929483252343,366.763062699964,373.706514191415
72,367.836148587931,360.791753055296,367.635717969715,374.600798156728
75,368.680546436618,361.537863508744,368.471297577389,375.442692023075
79,369.741451590648,362.552486578838,369.520933394434,376.503851896217
83,370.735681716099,363.532734896124,370.512527823826,377.501577542567
87,371.670309419551,364.408254776357,371.439228172796,378.423713965065
91,372.551377189375,365.234364206826,372.315746982128,379.295108461299
95,373.384084816944,366.02980590406,373.149774956104,380.131941067851
100,374.363768163035,366.925030069108,374.130290836309,381.088943420351
105,375.282435334598,367.804394988806,375.040826748301,381.961569800891
110,376.146497860488,368.666571594885,375.897221912297,382.827716543227
115,376.961442184597,369.473590190946,376.693924836887,383.657685571665
120,377.731996428744,370.190262672245,377.467748592375,384.463255071194
126,378.603802980711,370.953663214364,378.334886031305,385.322581592083
132,379.423674542615,371.748442618362,379.161765086301,386.146411880529
138,380.196837450768,372.48923504056,379.943438253013,386.925298019462
145,381.045799659848,373.242906907516,380.789413323593,387.768575298738
152,381.843427566772,373.994257829572,381.577045096717,388.550437619278
159,382.594959084133,374.675832248542,382.334875034482,389.255436895311
167,383.403156209488,375.400556274035,383.128959777994,390.057715797168
175,384.162773674198,376.12637369347,383.878188511307,390.787770784255
183,384.878738241515,376.723307821073,384.575187835546,391.525970820852
192,385.637276262649,377.458947822047,385.343728091983,392.323828154631
201,386.351105489297,378.155608966259,386.028855966602,393.023719179747
211,387.097201841302,378.862333949274,386.796657899463,393.757131844221
221,387.798808375918,379.56113289783,387.482099991635,394.449592740856
232,388.524511459593,380.235496008311,388.222092061092,395.218559343543
243,389.206882628221,380.844083227289,388.916288868045,395.865990627286
254,389.850284801753,381.418129902355,389.562655457917,396.480255640693
266,390.512137770538,381.974342029315,390.20490260455,397.175674745246
279,391.186715362669,382.563754215758,390.869393891265,397.86173145843
293,391.86893375932,383.217117769704,391.518728317942,398.552540616329
307,392.510021770911,383.672819212693,392.160367267487,399.182221679003
321,393.114156718396,384.164480902343,392.750652000033,399.751997896094
337,393.763936629261,384.731407275549,393.422458453568,400.397377090801
353,394.3747365755,385.25874371888,394.047284629343,400.971801836406
370,394.985396898354,385.730755815546,394.633070691814,401.643676990272
387,395.560544718366,386.255028616964,395.176095411261,402.292736187382
406,396.165597223666,386.822273462134,395.784823634274,402.882421498098
425,396.734803032115,387.326792326738,396.362471368899,403.379960696358
446,397.326512535967,387.839624003987,396.962321011229,404.082862379765
467,397.882931247727,388.260961500828,397.522513445958,404.655024952153
489,398.431849713028,388.713609073382,398.095403806637,405.262037052517
513,398.995029579563,389.130287162177,398.663096935353,405.791949827505
537,399.524794174645,389.530296224152,399.189652265093,406.340562617025
563,400.064858048997,390.051463848474,399.729902278406,406.966408059056
590,400.592223245752,390.519139106177,400.234446374624,407.536018107413
618,401.106779333986,390.975323980189,400.744421917575,408.013597619789
648,401.625284245892,391.446993387266,401.256353677044,408.52101349751
679,402.129063805576,391.864262169154,401.744194064862,409.189748912611
711,402.618449783759,392.284395143063,402.219784063622,409.701457263552
745,403.107775581719,392.729292945627,402.706676450706,410.163894971657
781,403.594975496176,393.079189620902,403.192845921264,410.696986279039
818,404.065960074318,393.441465246913,403.661369978093,411.238094163489
858,404.544696764083,393.803423211259,404.145652946381,411.74604964241
899,405.005947090634,394.252102195591,404.605213261774,412.25248256268
942,405.460954180237,394.57152814959,405.06004810897,412.870410574605
987,405.908827969053,394.951790915437,405.499836846946,413.390808919167
1034,406.348860378345,395.329982373815,405.898891822518,413.886554834289
1084,406.789042711872,395.682775752179,406.357708761913,414.383152339967
1135,407.2113802964,396.031703488742,406.786985865551,414.845668434992
1190,407.63977120423,396.393704371784,407.217411913297,415.403350043078
1247,408.057125013354,396.728572440599,407.641946254985,415.860330105353
1307,408.470189479222,397.042762778492,408.044154339258,416.321670035895
1369,408.871624918341,397.320773296468,408.427503680779,416.781074452973
1435,409.273499628137,397.698818918586,408.806744591547,417.418518501012
1503,409.66289226753,398.04173761731,409.188599733289,417.961426392179
1575,410.050701707156,398.338642224527,409.546919606212,418.457597648022
1651,410.435527231505,398.612453578702,409.920024152934,418.99647000557
1730,410.811582183117,398.879110910982,410.288840362101,419.462280828288
1812,411.178728436359,399.191694641511,410.638520539043,419.991187647727
1899,411.545075976681,399.615561698843,410.965786446605,420.456585036933
1990,411.905336722437,399.867313004382,411.290135236443,420.937772411754
2085,412.258983561088,400.113689188006,411.617313427249,421.426956425115
2185,412.609008483859,400.318702496247,411.938341148761,421.942376557348
2290,412.954509322116,400.491723117395,412.276064954371,422.424841987399
2400,413.294751187966,400.645950069183,412.588757122882,422.886932118325
2514,413.626326307694,400.821561384717,412.948367625131,423.310654909781
2635,413.957237288054,401.122601665713,413.290737465873,423.715316908023
2761,414.281169500863,401.401281152684,413.615514429948,424.144849391779
2893,414.600247934395,401.641089399983,413.884334293237,424.613908166362
3032,414.916119092079,401.868792613093,414.151387888862,425.045620665848
3177,415.225879821571,402.065200780248,414.441425896653,425.477267474938
3329,415.531171685271,402.244433293988,414.740991785633,425.905781898038
3488,415.831429224074,402.419876493909,415.034820420139,426.401753780792
3655,416.12792857641,402.592305057398,415.335364667608,426.837813551661
3830,416.420020099573,402.752886734677,415.640487524856,427.251455176964
4014,416.708704036669,402.894716336787,415.913854437811,427.624219157924
4206,416.99186840845,403.030359177891,416.164603732319,428.043725027654
4407,417.270564185603,403.179561905417,416.421664668239,428.472033269711
4618,417.545604557511,403.379159847711,416.671991946654,428.915792408818
4839,417.816413593254,403.581277211648,416.933597099675,429.345075933809
5071,418.083648534181,403.78012034484,417.178865149612,429.773808797095
5314,418.346750660247,403.962037285919,417.456220798064,430.242988699609
5568,418.605274356823,404.101914298166,417.683634559165,430.669379330577
5834,418.85980064974,404.266855034922,417.920894202102,431.12643704418
6114,419.111646684973,404.407048216981,418.167075743303,431.559342321388
6406,419.358526936774,404.571271250523,418.398400548497,432.02836271662
6713,419.602523139495,404.738003479503,418.625890108336,432.463182404585
7035,419.843059694213,404.893645114181,418.852476124244,432.84057961491
7371,420.078991274866,405.0569059637,419.069069624876,433.240393263023
7724,420.311993294555,405.217857446354,419.294927980136,433.655069343069
8094,420.541546025228,405.371932644799,419.535098977462,434.047295447566
8482,420.76779766869,405.516078501366,419.730321328847,434.458345478369
8888,420.990319101378,405.686416803548,419.907567276839,434.849374009161
9313,421.209271492658,405.857913608519,420.130900381739,435.266627465098
9759,421.425244892136,406.026988168809,420.329027754752,435.685992788574
10226,421.637801061143,406.193300298076,420.550512819433,436.064363236834
10716,421.847421358088,406.349706761254,420.757324349276,436.420299166466
11229,422.053686843748,406.457054377715,420.953393760907,436.815252516067
11766,422.256631701678,406.561910343422,421.125471835962,437.207769679452
12330,422.456966680609,406.66250273275,421.305118414504,437.576249368414
12920,422.653933430443,406.758713302631,421.515061048892,437.916922957884
13538,422.847851077599,406.833410430513,421.703200133788,438.247285852823
14186,423.038961613259,406.899350999376,421.887048777137,438.594978496266
14866,423.227442882562,406.965133759732,422.043386428464,438.933284949409
15577,423.412662172074,407.048892110751,422.218523362073,439.253662021264
16323,423.595312930772,407.131086802141,422.395725413755,439.611603545139
17104,423.775030951311,407.211568801903,422.567563815528,439.965744605547
17923,423.952156621784,407.281438462972,422.758988843783,440.316706011536
18781,424.126550924491,407.370792319874,422.936874827199,440.664164788126
19681,424.298469093918,407.468295258013,423.067063489001,441.008583023552
20623,424.467577047271,407.563862332732,423.246448854932,441.349242827352
21610,424.634101604935,407.657634215539,423.403289550261,441.686549903454
22645,424.798212800871,407.74971795071,423.567089525512,442.022078497158
23729,424.95974478976,407.840031773454,423.740839024739,442.360856230841
24865,425.118834471671,407.928663610784,423.869911082059,442.696435774265
26055,425.27545386219,408.015608937591,424.007169998941,443.028709000948
27302,425.429695318404,408.100598704205,424.15871019823,443.357823047281
28609,425.581624129321,408.186591656108,424.311663530693,443.72261401175
29979,425.731283945441,408.280790764499,424.452329967434,444.09754849962
31414,425.878601903155,408.373282448991,424.591131172843,444.469281053628
32918,426.023703168812,408.453710932307,424.712510264097,444.843748457444
34494,426.166590647548,408.521097565369,424.846363338234,445.21991599274
36146,426.307343102917,408.585081763627,424.967730077265,445.557640318519
37876,426.445859755316,408.65314006175,425.083723581028,445.870598136234
39689,426.582276736417,408.738902753824,425.1999567663,446.216134541586
41589,426.716625549288,408.818441645616,425.328347367018,446.478985509145
43580,426.848924731288,408.895962700821,425.456674289301,446.764164647817
45667,426.979243590344,408.963781470574,425.562140909345,447.055915067355
47853,427.10751599566,409.026412344955,425.671031410672,447.344790428775
50144,427.233846422838,409.083257664231,425.763908300506,447.632262931214
52545,427.358260350947,409.137609572663,425.870973412971,447.944753697915
55060,427.480724838101,409.19085750088,425.971040417459,448.243791149378
57696,427.60134304485,409.24869274865,426.083132846299,448.472679501199
60458,427.720106369708,409.309576544269,426.211146776374,448.743689448822
63353,427.837081606779,409.369336347737,426.333408586289,449.056135929963
66385,427.95220483747,409.427946777273,426.4379179314,449.344588733311
69564,428.065630156107,409.485493324235,426.540935776119,449.567793904337
72894,428.17727655345,409.541941742979,426.638447663566,449.805780218374
76384,428.287229717788,409.597342206425,426.736092274442,450.041268144036
80040,428.395465359771,409.651689170696,426.843369982246,450.274176222686
83872,428.502068528892,409.705031883006,426.938118212762,450.504658484015
87888,428.607049812912,409.757381942237,427.021645511265,450.745416709138
92095,428.710388967209,409.808735585804,427.09131893507,450.974612486038
96504,428.812156029505,409.859133828817,427.179273185482,451.171275313484
101124,428.912359005752,409.908586652435,427.281281519787,451.365653417801
105965,429.011019741021,409.957110784208,427.376529306035,451.55776875447
111038,429.108169783924,410.004727557301,427.44969110553,451.747662646382
116354,429.203829578721,410.051452683236,427.526113039906,451.935355245976
121925,429.298027418082,410.097305555804,427.621863166019,452.12088252732
127762,429.390765861765,410.142292923748,427.698016328888,452.304230067475
133878,429.482072226883,410.186433472244,427.776208118048,452.487765760414
140287,429.571977743496,410.22974759213,427.850918251079,452.705890282035
147003,429.660502957568,410.272250352215,427.946675087214,452.924464609718
154041,429.747672166207,410.313958483191,428.036525591475,453.142781333627
161416,429.833500571197,410.354884232295,428.117095735908,453.358930068484
169143,429.917996452523,410.39503646927,428.193780919521,453.572900880093
177241,430.00120284833,410.434440447155,428.263788855103,453.785367656653
185726,430.083121553695,410.473101713705,428.335743815111,454.006242776373
194618,430.163785892834,410.511040614088,428.410228958448,454.225007791068
203935,430.243201832875,410.548264483111,428.517242305816,454.441646397499
213698,430.321394160539,410.584789398335,428.572463812265,454.6561938643
223928,430.398378973778,410.620627245938,428.625333659318,454.868662404245
234649,430.474186266974,410.655796250408,428.695614789579,455.079103369356
245882,430.548816788643,410.690300952583,428.793305995417,455.287487576336
257654,430.622304530316,410.724161184382,428.865517273312,455.493878952327
269989,430.694655742292,410.757383851884,428.919308517912,455.698264485933
282914,430.765888418076,410.789981191592,428.988659759595,455.900664479451
296458,430.836023751601,410.82196678927,429.040876797225,456.101109040268
310651,430.905080069629,410.85335280248,429.099616146308,456.299620867809
325523,430.973068759713,410.884148142102,429.160538521491,456.496203219971
341107,431.040008443756,410.914364913302,429.23176402544,456.69088068029
357437,431.105914799501,410.944013788892,429.293374663995,456.883669918463
374549,431.170804700843,410.969835966028,429.345098103654,457.074591669677
392481,431.234695530172,410.993664890947,429.409026114693,457.263668807425
411270,431.297594916276,411.017026691676,429.474756479656,457.45089576442
430959,431.359524627689,411.039932968935,429.521900829989,457.63630944161
451591,431.420499062707,411.062392477852,429.573028583745,457.819925484088
473211,431.480532307902,411.084413768915,429.622952552414,458.001759092659
495865,431.539635402812,411.106004193705,429.673803824998,458.181816649239
519604,431.597826474158,411.127173607446,429.735801265278,458.360126600141
544480,431.655119481388,411.147930247265,429.784050747187,458.540055474765
570546,431.711525038794,411.16828106007,429.845877652352,458.73128266611
597861,431.767060984437,411.188235517506,429.893648308757,458.920781486087
626483,431.821737056937,411.20780009117,429.949457288018,459.094571853703
656475,431.875567344687,411.22423695321,430.001025994437,459.257606678159
687903,431.928565547678,411.23968734581,430.038461607284,459.419018662079
720836,431.980744786558,411.254820270446,430.083962301184,459.578824694809
755345,432.032116035558,411.269641832297,430.123511659918,459.737035512482
791507,432.082693912046,411.291158714054,430.187743587484,459.893673502262
829399,432.132487724426,411.321844958688,430.232859766532,460.048745068635
869106,432.181512311349,411.352018993882,430.293025044531,460.202274220913
910714,432.229778344621,411.380113328614,430.338233303325,460.354272441176
954313,432.277296405652,411.404705734529,430.386112102936,460.504751273311
1000000,432.324079781492,411.428868345689,430.432968174329,460.653731251207
