"","X.1","X","genus.and.species","name.for.phylogenetic.tree","specimen.number","taxon","period","stage","Ma","neg.Ma","landmass","humerus.AP","humerus.ML","humerus.L","femur.AP","femur.ML","femur.L","tibia.circumference..mm.","humerus.circ..mm.","femur.circ..mm.","hum.fem.circ..mm.","Campione.est.mass.quadratic..kg.","ln.Campione.est.mass.quadratic..kg.","quadratic.mass.est.low..kg.","quadratic.mass.est.high..kg.","source","notes"
"1",1,1,"Abydosaurus mcintoshi","Abydosaurusmcintoshi","DINO 39725","tsf","EK","Alb",104,-104,NA,NA,NA,NA,NA,NA,NA,NA,480.4941,603,"1083.4940999999999",15268.3079430231,9.6335345828406,11451.2309572673,19085.3849287789,"S. Finch, pers. comm. 2021",NA
"2",2,2,"Aegyptosaurus baharijensis","Aegyptosaurusbaharijensis","BSP 1912 VIII 61 (?destroyed)","ti","LK","Cen",96,-96,"AF",NA,NA,1000,NA,220,1290,NA,459.5016,578,"1037.5016000000001",13636.3968446587,9.52049773555203,10227.297633494,17045.4960558234,"McPhee et al. 2018",NA
"3",3,3,"Arrudatitan maximus","Arrudatitanmaximus","MPMA 12-0001-97","ti","LK","Cam-Maa",71,-71,"SA",NA,NA,NA,NA,NA,1550,NA,441.0282,556,"997.02819999999997",12292.1433933174,9.41671558876299,9219.10754498808,15365.1792416468,"est from pers. comm., Santucci 2011",NA
"4",4,4,"Aeolosaurus rionegrinus","Aeolosaurusrionegrinus","MJG-R1","ti","LK","Cam-Maa",71,-71,"SA",NA,NA,NA,NA,NA,NA,NA,435,550.073,"985.07299999999998",11911.2291365869,9.38523685908877,8933.42185244021,14889.0364207337,"Powell, 2003",NA
"5",5,5,"Alamosaurus sanjuanensis","Alamosaurussanjuanensis","TMM 41541-1","salt","LK","Maa",68,-68,NA,NA,NA,NA,NA,NA,1735,NA,661,740,"1401",29770.8950299805,10.3012865183876,22328.1712724854,37213.6187874756,"pers. obs.",NA
"6",6,6,"Amanzia 'Cetiosauriscus' greppini","AmanziaCetiosauriscusgreppini","M.H. 341","saur","LJ","Kim",154,-154,"EU",NA,102,NA,NA,NA,NA,NA,301,396.3214,"697.32140000000004",4820.25927975897,8.480582998079,3615.19445981923,6025.32409969872,"Schwarz et al. 2020",NA
"7",7,7,"Amargasaurus cazaui","Amargasauruscazaui","MACN-N 15","doidea","EK","Hau",133,-133,"SA",NA,NA,NA,NA,NA,1050,NA,380,530,"910",9683.67072648339,9.17819631567106,7262.75304486254,12104.5884081042,"Salgado and Bonaparte 1991",NA
"8",8,8,"Amargatitanis macni","Amargatitanismacni","MACN PV N 34","saur","EK","Hau",133,-133,"SA",NA,NA,NA,NA,NA,1100,NA,419.196,530,"949.19600000000003",10811.6328447849,9.28837794869774,8108.72463358866,13514.5410559811,"pers. obs.",NA
"9",9,9,"Ampelosaurus atacis","Ampelosaurusatacis","C33-1297","ti","LK",NA,76,-76,"EU",NA,NA,NA,NA,NA,NA,NA,364,468.6076,"832.60760000000005",7674.59511778178,8.94567081768041,5755.94633833634,9593.24389722723,"pers. obs.",NA
"10",10,10,"Amphicoelias altus","Amphicoeliasaltus","AMNH 5764","doidea","LJ","Tith",148,-148,NA,NA,NA,NA,NA,NA,1770,NA,587.136,730,"1317.136",25367.1636184361,10.1412108457297,19025.3727138271,31708.9545230452,"Osborn and Mook 1921",NA
"11",11,11,"Analong chuanjieensis","Analongchuanjieensis","LFGT LCD 9701–1","saur","MJ","Bajocian",169,-169,"AS",80,NA,1042,NA,197,1360,NA,410.799,520,"930.79899999999998",10272.7764353921,9.23725261063079,7704.58232654411,12840.9705442402,"Sekiya, 2011",NA
"12",12,12,"Andesaurus delgadoi","Andesaurusdelgadoi","MUCPv-132","ti","EK/LK",NA,100,-100,"SA",NA,190,NA,NA,NA,NA,NA,513,639.5702,"1152.5701999999999",17933.5324308663,9.79442755951306,13450.1493231498,22416.9155385829,"McPhee et al. 2018",NA
"13",13,13,"Angolatitan adamastor","Angolatitanadamastor","MGUANPA-003","tsf","LK","Tur",91,-91,"AF",NA,NA,NA,NA,NA,NA,NA,432,546.6308,"978.63080000000002",11708.9908218357,9.3681122719929,8781.74311637677,14636.2385272946,"Mateus et al. 2011",NA
"14",14,14,"Anhuilong diboensis","Anhuilongdiboensis","AGB 5822","saur","MJ",NA,166,-166,"AS",NA,140,1050,NA,NA,NA,NA,393,501.8822,"894.88220000000001",9268.72268721749,9.13440085912182,6951.54201541312,11585.9033590219,"Ren et al. 2018",NA
"15",15,15,"Antarctosaurus brasiliensis","Antarctosaurusbrasiliensis",NA,"ti","LK","San",85,-85,"SA",NA,NA,NA,135,286,NA,NA,599.7315,745,"1344.7314999999999",26769.1107205277,10.195003916707,20076.8330403958,33461.3884006596,"Benson et al. 2018",NA
"16",16,16,"Antarctosaurus giganteus","Antarctosaurusgiganteus","MLP 26-316","ti","LK",NA,85,-85,"SA",NA,NA,NA,NA,NA,2310,NA,639.1974,792,"1431.1974",31462.2514566368,10.3565437397425,23596.6885924776,39327.814320796,"pers. obs.",NA
"17",17,17,"Antarctosaurus sp.","Antarctosaurussp.","FMNH P13109","ti","LK",NA,85,-85,"SA",NA,NA,NA,NA,NA,1840,NA,707.2131,873,"1580.2130999999999",40655.5054043099,10.6128895401059,30491.6290532324,50819.3817553873,"pers obs.; Mazzetta et al. 2004",NA
"18",18,18,"Antarctosaurus wichmannianus","Antarctosauruswichmannianus",NA,"ti","LK","San",85,-85,"SA",NA,NA,NA,NA,NA,2280,NA,642.5562,796,"1438.5562",31883.0305580219,10.3698291898046,23912.2729185164,39853.7881975274,"McPhee et al. 2018",NA
"19",19,19,"Antetonitrus ingenipes","Antetonitrusingenipes","BP/1/4952","saur","LT","Nor-Rhae",213,-213,"AF",89,94,717,89,159,794,NA,310,410,"720",5242.99684302487,8.56464853044091,3932.24763226866,6553.74605378109,"McPhee et al. 2018",NA
"20",20,20,"Apatosaurus ajax","Apatosaurusajax","YPM 1860","doidea","LJ","Kim-Tith",154,-154,NA,NA,NA,1055,NA,NA,1678,NA,584,726,"1310",25012.0569880052,10.1271132671112,18759.0427410039,31265.0712350065,"McPhee et al. 2018",NA
"21",21,21,"Apatosaurus excelsus","Apatosaurusexcelsus",NA,"doidea","LJ","Kim-Tith",154,-154,NA,129,221,1080,167,292,1725,NA,591,740,"1331",26065.7818091444,10.1683786913484,19549.3363568583,32582.2272614305,"McPhee et al. 2018",NA
"22",22,22,"Apatosaurus louisae","Apatosauruslouisae","CM 3018","doidea","LJ","Kim-Tith",154,-154,NA,164,238,1150,174,332.3,1785,NA,640,845,"1485",34617.3970300898,10.4521116390199,25963.0477725673,43271.7462876122,"pers. obs.; Anderson et al. 1985",NA
"23",23,23,"Apatosaurus parvus","Apatosaurusparvus","UWGM 15556","doidea","LJ","Kim-Tith",154,-154,NA,119,177,1130,155,290,1700,NA,481,755,"1236",21506.8404689055,9.97612632485761,16130.1303516791,26883.5505861319,"McPhee et al. 2018",NA
"24",24,24,"Aragosaurus ischiaticus","Aragosaurusischiaticus","MMG-SS","neo","EK","Hau-Barr",130,-130,"EU",NA,NA,NA,NA,NA,1420,NA,511.563,640,"1151.5630000000001",17892.7873662245,9.79215297019215,13419.5905246684,22365.9842077806,"Royo Torres et al. 2006",NA
"25",25,25,"Argentinosaurus huinculensis","Argentinosaurushuinculensis","MLP-DP 46-VIII-21-3","ti","LK","Cen",96,-96,"SA",NA,NA,NA,NA,NA,NA,NA,906.222,1110,"2016.222",76219.9536593957,11.2413785664428,57164.9652445468,95274.9420742447,"Smith et al. 2001; Mazzetta et al., 2004; Bonaparte, 1996, Carballido et al. 2017",NA
"26",26,26,"Argyrosaurus superbus","Argyrosaurussuperbus","MLP 77-V-29-1","tsf","LK","Cam-Maa",71,-71,"SA",NA,NA,NA,NA,NA,NA,NA,620,762.342,"1382.3420000000001",28754.0655280375,10.266534445899,21565.5491460281,35942.5819100469,"Powell 2003",NA
"27",27,27,"Atacamatitan chilensis","Atacamatitanchilensis","SGO-PV-961","ti","LK",NA,83,-83,"SA",NA,121,NA,NA,125,1100,NA,347,339,"686",4617.3098563554,8.43756753230953,3462.98239226655,5771.63732044425,"McPhee et al. 2018",NA
"28",28,28,"Atlasaurus imelakei","Atlasaurusimelakei",NA,"saur","MJ","Bath-Call",166,-166,"AF",NA,NA,1973,NA,NA,1943,NA,565,690,"1255",22376.2536370731,10.0157555700461,16782.1902278048,27970.3170463414,"McPhee et al. 2018",NA
"29",29,29,"Australotitan cooperensis","Australotitancooperensis","EMF102","ti","LK","Cen",96,-96,"AU",NA,NA,NA,NA,NA,NA,NA,759,933,"1692",48508.5953595949,10.7894962851324,36381.4465196962,60635.7441994937,"Hocknull et al. 2021",NA
"30",30,30,"Bagualia alba","Bagualiaalba","MPEF-PV 3301","saur","EJ","Toar",179,-179,"SA",NA,NA,NA,NA,NA,NA,NA,NA,NA,NA,1000,6.90775527898214,750,1250,"mass is that reported in Pol et al. 2020",NA
"31",31,31,"Barapasaurus tagorei","Barapasaurustagorei","ISIR 50","saur","EJ-MJ",NA,182,-182,"IN",NA,118,NA,NA,138,1365,NA,340,372,"712",5091.38966220067,8.53530609039599,3818.5422466505,6364.23707775084,"McPhee et al. 2018",NA
"32",32,32,"Barosaurus lentus","Barosauruslentus","BYU 9024","doidea","LJ","Kim-Tith",154,-154,NA,NA,NA,NA,NA,NA,NA,NA,NA,NA,NA,60000,11.0020998412042,45000,75000,"Molina-Perez & Larramendi 2020. Dinosaur Facts and Figures: The Sauropods and Other Sauropodomorphs. Princeton University Press, 272 pp.; Taylor, M. and Wedel, M. 2016. How big did Barosaurus get? Symposium on Vertebrate Palaeontology and Comparative Anatomy Abstracts.","scaled up mass of the AMNH 6341 specimen"
"33",33,33,"Bellusaurus sui","Bellusaurussui","IVPP V8300/V8299 (CS) (FL=525); Dong 1990; Royo-Torres et al. 2006 (circumference of cast femur with FL=500 given as 710, which is clearly much too high)","saur","LJ","Ox",157,-157,"AS",51.5,NA,370,NA,80,550,NA,163.0875,225,"388.08749999999998",1024.58435042225,6.9320422975472,768.438262816685,1280.73043802781,"McPhee et al. 2018; Benson et al. 2018",NA
"34",34,34,"Borealosaurus wimani","Borealosauruswimani","LPM0170","tsf","LK",NA,85,-85,"AS",NA,110,NA,NA,NA,NA,NA,320,418.122,"738.12200000000007",5596.54914770023,8.62990546315447,4197.41186077517,6995.68643462529,"Cashmore et al. 2020",NA
"35",35,35,"Brachiosaurus altithorax","Brachiosaurusaltithorax","FMNH P25107","br","LJ","Kim-Tith",154,-154,NA,NA,NA,NA,NA,NA,2030,NA,930,940,"1870",62787.729381194,11.0475149413456,47090.7970358955,78484.6617264925,"D'Emic & Carrano 2020",NA
"36",36,36,"Brachytrachelopan mesai","Brachytrachelopanmesai","MEF-Pv 1716","doidea","LJ","Ox-Tith",156,-156,"SA",NA,NA,NA,NA,NA,1100,NA,444.387,560,"1004.3870000000001",12530.2493097388,9.43590094471842,9397.68698230413,15662.8116371736,"pers. obs.",NA
"37",37,37,"Bravasaurus arreirosorum","Bravasaurusarreirosorum","CRILAR-Pv 612","ti","LK","Cam-Maa",71,-71,"SA",NA,NA,530,NA,NA,680,NA,245,310,"555",2642.42466396442,7.8794522079584,1981.81849797331,3303.03082995552,"Hechenleitner et al. 2020",NA
"38",38,38,"Brontosaurus 'Eobrontosaurus' yahnahpin","BrontosaurusEobrontosaurusyahnahpin","TATE 001","doidea","LJ","Kim-Tith",154,-154,NA,NA,190,NA,NA,NA,NA,NA,513,639.5702,"1152.5701999999999",17933.5324308663,9.79442755951306,13450.1493231498,22416.9155385829,"Benson et al. 2018",NA
"39",39,39,"Camarasaurus grandis","Camarasaurusgrandis","GMNH 101","neo","LJ","Kim-Tith",154,-154,NA,NA,NA,1130,NA,228,1485,NA,472,630,"1102",15956.8367591048,9.67764265330889,11967.6275693286,19946.045948881,"McPhee et al. 2018",NA
"40",40,40,"Camarasaurus lentus","Camarasauruslentus","DINO 4514","neo","LJ","Kim-Tith",154,-154,NA,NA,NA,NA,NA,NA,1470,NA,570.342,710,"1280.3420000000001",23568.6062236484,10.0676708606921,17676.4546677363,29460.7577795605,"Benson et al. 2018",NA
"41",41,41,"Camarasaurus lewisi","Camarasauruslewisi","BYU 9047","neo","LJ","Kim-Tith",154,-154,NA,NA,149,1018,NA,NA,NA,NA,450,567.284,"1017.284",12954.2856194448,9.46918194824496,9715.71421458363,16192.857024306,"McPhee et al. 2018",NA
"42",42,42,"Camarasaurus supremus","Camarasaurussupremus","AMNH 5761","neo","LJ","Kim-Tith",154,-154,NA,NA,NA,NA,NA,NA,NA,NA,600,739.394,"1339.3939999999998",26494.3729162333,10.1846876466427,19870.779687175,33117.9661452916,"Osborn and Mook 1921",NA
"43",43,43,"Cathartesaura anaerobica","Cathartesauraanaerobica","MPCA- 232","doidea","LK","Cen-Con",94,-94,"SA",NA,NA,NA,NA,NA,1380,NA,435.99,550,"985.99",11940.1879807218,9.3876651306017,8955.14098554133,14925.2349759022,"Gallina and Apesteguia 2005; P. Gallina pers. comm. 2011",NA
"44",44,44,"Cedarosaurus weiskopfae","Cedarosaurusweiskopfae","DMNH 39045","br","EK","Apt-Alb",112,-112,NA,NA,NA,NA,NA,NA,1450,NA,445,561.547,"1006.5469999999999",12600.6684771532,9.44150514527459,9450.50135786489,15750.8355964415,"Tidwell et al. 1999",NA
"45",45,45,"Cetiosauriscus stewarti","Cetiosauriscusstewarti","NHMUK R.3078","neo","MJ","Cal",163,-163,"EU",NA,NA,NA,NA,NA,1360,NA,563,696.9402,"1259.9402",22605.7457351936,10.0259593890184,16954.3093013952,28257.182168992,"Smith Woodward 1905",NA
"46",46,46,"Cetiosaurus oxoniensis","Cetiosaurusoxoniensis","OUMNH J13615","neo","MJ","Bath",166,-166,"EU",NA,NA,NA,NA,NA,1615,NA,585,683,"1268",22983.2134918424,10.0425193802617,17237.4101188818,28729.016864803,"Upchurch and Martin 2003",NA
"47",47,47,"Chuanjiesaurus anaensis","Chuanjiesaurusanaensis","LFGT LCD #","saur","MJ","Bajocian",169,-169,"AS",80,167,1065,NA,225,1375,NA,470.4177,591,"1061.4177",14470.978137309,9.57990041494347,10853.2336029818,18088.7226716363,"Sekiya, 2011",NA
"48",48,48,"Chubutisaurus insignis","Chubutisaurusinsignis","MACN 18222","tsf","EK","Apt-Alb",112,-112,NA,NA,NA,NA,NA,NA,1700,NA,590,690,"1280",23552.2642924436,10.0669772431217,17664.1982193327,29440.3303655545,"pers. obs.",NA
"49",49,49,"Comahuesaurus windhauseni","Comahuesauruswindhauseni","MOZ-PV 6761, 6762","doidea","EK","Apt-Alb",112,-112,"SA",NA,NA,NA,NA,NA,NA,NA,440,585,"1025",13212.0977975317,9.48888818865795,9909.07334814875,16515.1222469146,"Carballido et al. 2012",NA
"50",50,50,"Dahkla Formation indet","DahklaFormationindet","Vb-646","salt","LK","Maa",68,-68,"AF",NA,NA,NA,NA,NA,724,NA,230.2635,305,"535.26350000000002",2401.51934353647,7.78385687584507,1801.13950765235,3001.89917942058,"Rauhut and Wener 1997",NA
"51",51,51,"Dashanpusaurus dongi","Dashanpusaurusdongi","ZDM 5028","neo","MJ","Baj-Call",167,-167,"AS",NA,172,924,NA,170,1114,NA,469,452,"921",9992.58865667894,9.20959896286826,7494.44149250921,12490.7358208487,"Peng et al. 2005; Benson et al. 2018",NA
"52",52,52,"Daxiatitan binglingi","Daxiatitanbinglingi","GSLTZP03-001","tsf","EK",NA,125,-125,"AS",NA,NA,NA,NA,303,1770,NA,635.8386,788,"1423.8386",31044.8572328323,10.3431884450715,23283.6429246242,38806.0715410403,"McPhee et al. 2018",NA
"53",53,53,"Demandasaurus darwini","Demandasaurusdarwini","MDS-RVII,16","doidea","EK","Barr-Apt",121,-121,"EU",NA,NA,NA,NA,NA,1080,NA,247.8972,326,"573.8972",2886.46757925525,7.96778874258454,2164.85068444143,3608.08447406906,"Est from Fernandez-Baldor et al. 2011",NA
"54",54,54,"Diamantinasaurus matildae","Diamantinasaurusmatildae","AODF 603","ti","LK","Cen",96,-96,"AU",NA,NA,NA,NA,NA,1330,NA,570,662,"1232",21326.4676869167,9.96770419470044,15994.8507651875,26658.0846086458,"Gonzalez-Riga et al. 2016; Hocknull et al. 2021",NA
"55",55,55,"Dicraeosaurus hansemanni","Dicraeosaurushansemanni","Q11","doidea","LJ","Kim-Tith",154,-154,"AF",NA,NA,NA,NA,NA,NA,NA,339,439.9226,"778.92259999999999",6444.86768573602,8.77103938540863,4833.65076430201,8056.08460717002,"J. Whitlock pers. comm. 2011",NA
"56",56,56,"Dicraeosaurus sattleri","Dicraeosaurussattleri",NA,"doidea","LJ","Kim-Tith",154,-154,"AF",NA,NA,735,NA,NA,1205,NA,337,555,"892",9190.86844608049,9.12596570991441,6893.15133456037,11488.5855576006,"Benson et al. 2018",NA
"57",57,57,"Diplodocus carnegiei","Diplodocuscarnegiei","CM 84","doidea","LJ","Kim-Tith",154,-154,NA,NA,NA,NA,174,NA,1520,NA,470.4177,591,"1061.4177",14470.978137309,9.57990041494347,10853.2336029818,18088.7226716363,"McPhee et al. 2018",NA
"58",58,58,"Diplodocus hallorum","Diplodocushallorum","NMMNH P-25079","doidea","LJ","Kim-Tith",154,-154,NA,NA,NA,NA,165,280,1800,NA,588.8154,732,"1320.8154",25551.4490812652,10.148449309533,19163.5868109489,31939.3113515815,"Herne and Lucas, 2006; McPhee et al. 2018; J. Spielmann pers. Comm. 2011",NA
"59",59,59,"Dongbeititan dongi","Dongbeititandongi","D2867","doidea","LJ","Kim-Tith",154,-154,NA,NA,NA,NA,NA,220,1160,NA,459.5016,578,"1037.5016000000001",13636.3968446587,9.52049773555203,10227.297633494,17045.4960558234,"McPhee et al. 2018",NA
"60",60,60,"Dreadnoughtus schrani","Dreadnoughtusschrani","MPM-PV 1156","ti","LK","Cam-Maa",75,-75,"SA",NA,NA,NA,NA,NA,1910,NA,785,910,"1695",48730.9802484319,10.7940702515481,36548.2351863239,60913.7253105398,"Lacovara et al. 2014",NA
"61",61,61,"Duriatitan humerocristatus","Duriatitanhumerocristatus","NHMUK 44635","neo","LJ","Kim",155,-155,"EU",NA,NA,NA,NA,NA,1400,NA,533,662.5182,"1195.5182",19723.7378705244,9.88957815738166,14792.8034028933,24654.6723381555,"Hulke 1874",NA
"62",62,62,"Dyslocosaurus polyonychius","Dyslocosauruspolyonychius",NA,"saur","LJ","Kim-Tith",154,-154,NA,NA,NA,NA,NA,NA,NA,295,423.46629435,535.0855,"958.55179435000002",11092.1342873587,9.31399151334817,8319.10071551903,13865.1678591984,"McIntosh et al 1992",NA
"63",63,63,"Dystrophaeus viaemalae","Dystrophaeusviaemalae","USNM 2364","neo","LJ","Kim",155,-155,NA,NA,80,765,NA,NA,NA,NA,248,335.5092,"583.50919999999996",3015.70726936429,8.01158966518795,2261.78045202322,3769.63408670536,"McPhee et al. 2018",NA
"64",64,64,"Elaltitan lilloi","Elaltitanlilloi","PVL 4628","ti","LK",NA,95,-95,"SA",NA,NA,NA,NA,NA,NA,NA,625,810,"1435",31679.2624060163,10.3634175630189,23759.4468045122,39599.0780075203,"pers. obs.",NA
"65",65,65,"Eomamenchisaurus","Eomamenchisaurus","CXMVZA 165","saur","MJ",NA,169,-169,"AS",NA,NA,NA,NA,NA,1100,NA,326.829,420,"746.82899999999995",5771.46069836387,8.66068048142663,4328.59552377291,7214.32587295484,"McPhee et al. 2018",NA
"66",66,66,"Epachthosaurus sciuttoi ","Epachthosaurussciuttoi","UNPSJB-PV 920","ti","LK","Cen-Tur",95,-95,"SA",NA,NA,NA,NA,NA,1095,NA,430,550,"980",11751.7972352684,9.37176146406876,8813.84792645133,14689.7465440855,"Martinez et al. 2004",NA
"67",67,67,"Erketu ellisoni","Erketuellisoni","IGM 100/1803","tsf","LK","Cen-Sant",90,-90,"AS",NA,NA,NA,NA,NA,NA,298,427.5233049,539.917,"967.4403049",11362.6932865567,9.33809074925913,8522.01996491754,14203.3666081959,"Ksepka and Norell 2006",NA
"68",68,68,"Euhelopus zdanskyi","Euhelopuszdanskyi","PMU 233","tsf","EK",NA,125,-125,"AS",NA,NA,NA,NA,NA,960,NA,301.638,390,"691.63800000000003",4717.70978955482,8.45907874674779,3538.28234216612,5897.13723694353,"Wiman 1929",NA
"69",69,69,"Europasaurus holgeri","Europasaurusholgeri","DMFFH/Mv 837.1","br","LJ","Kim-Ox",153,-153,"EU",NA,NA,NA,NA,NA,NA,NA,180.7212,246,"426.72120000000001",1318.18226550945,7.18400899496223,988.636699132085,1647.72783188681,"Carballido et al. 2020",NA
"70",70,70,"Ferganasaurus verzilini","Ferganasaurusverzilini","PIN N 3042/1","saur","MJ","Callovian",164,-164,"AS",94,131,890,125,187,1080,NA,356,495,"851",8126.36902559571,9.00286948846211,6094.77676919678,10157.9612819946,"Alifanov & Averianov 2003",NA
"71",71,71,"Fukuititan nipponensis","Fukuititannipponensis","FPDM V8468","tsf","EK","Hau-Apt",130,-130,"AS",NA,NA,NA,NA,NA,1140,NA,370,440,"810",7140.74114081421,8.87357185118114,5355.55585561066,8925.92642601776,"Azuma and Shimada 2010",NA
"72",72,72,"Fusuisaurus zhaoi","Fusuisauruszhaoi","NHMG 6729","tsf","EK",NA,125,-125,"AS",NA,NA,NA,NA,NA,NA,NA,605,745.131,"1350.1309999999999",27048.7918624005,10.2053976201497,20286.5938968004,33810.9898280007,"Mo et al. 2020",NA
"73",73,73,"Futalognkosaurus dukei","Futalognkosaurusdukei","F51","ti","LK","Tur-Con",93,-93,"SA",NA,NA,NA,NA,NA,NA,NA,643,800,"1443",32138.7719317708,10.3778184285979,24104.0789488281,40173.4649147135,"Gonzalez-Riga et al. 2016",NA
"74",74,74,"Galeamopus hayi","Galeamopushayi",NA,"doidea","LJ","Kim-Tith",154,-154,NA,NA,188,936,NA,227,1448,NA,470,590,"1060",14420.6627284062,9.57641736875694,10815.4970463046,18025.8284105077,"McPhee et al. 2018",NA
"75",75,75,"Galeamopus pabsti","Galeamopuspabsti","SMA 0011","doidea","LJ",NA,154,-154,NA,NA,NA,NA,NA,208,NA,NA,177,548,"725",5339.13664910727,8.5828192426861,4004.35248683046,6673.92081138409,"Tschopp & Mateus 2017",NA
"76",76,76,"Galveosaurus herreroi","Galveosaurusherreroi","CLH-16","tsf","EK","Tith",152,-152,"EU",NA,240,1530,NA,NA,NA,NA,633,777.2582,"1410.2582",30283.4270065463,10.318355878378,22712.5702549097,37854.2837581829,"McPhee et al. 2018",NA
"77",77,77,"Garrigatitan meridionalis","Garrigatitanmeridionalis","MMS/VBN.00.13","ti","LK","Cam",76,-76,"EU",NA,NA,NA,NA,NA,NA,NA,250,337.804,"587.80399999999997",3074.57948923426,8.03092341942075,2305.93461692569,3843.22436154282,"Diez Diaz et al. 2020",NA
"78",78,78,"Giraffatitan brancai","Giraffatitanbrancai","MB.R.2688 (HMN XV2)","br","LJ","Kim-Tith",154,-154,"AF",NA,NA,NA,NA,NA,2090,NA,654,801.3536,"1455.3535999999999",46160.6571407624,10.7398831372323,34620.4928555718,57700.821425953,"Paul, 1988","estimated as (1.12^3) * mass of SII (MB.R.2181); Taylor (2009)"
"79",79,79,"Gobititan shenzhouensis","Gobititanshenzhouensis","IVPP 12579","tsf","EK","Barr",127,-127,"AS",NA,NA,NA,185,240,NA,NA,524.1585,655,"1179.1585",19029.5974382797,9.85375080600863,14272.1980787098,23786.9967978496,"McPhee et al. 2018",NA
"80",80,80,"Gondwanatitan faustoi","Gondwanatitanfaustoi","MN 4111-V","ti","LK","Tur-Maa",71,-71,"SA",NA,NA,NA,NA,NA,79,NA,280,372.226,"652.226",4043.2651849706,8.30480785862768,3032.44888872795,5054.08148121324,"pers. obs.",NA
"81",81,81,"Gongxianosaurus shibeiensis","Gongxianosaurusshibeiensis",NA,"saur","EJ","Toar",179,-179,"AS",NA,NA,920,NA,270,1150,NA,565.3038,704,"1269.3038000000001",23044.6318737827,10.0451881307932,17283.473905337,28805.7898422284,"McPhee et al. 2018",NA
"82",82,82,"Haestasaurus becklesii","Haestasaurusbecklesii","NHMUK R1870","neo","EK","Ber-Val",139,-139,"EU",NA,NA,NA,NA,NA,NA,NA,307,403.2058,"710.20579999999995",5057.76100509631,8.52867917524291,3793.32075382223,6322.20125637038,"Upchurch et al. 2015",NA
"83",83,83,"Haplocanthosaurus delfsi","Haplocanthosaurusdelfsi","CMNH 10380","doidea","LJ","Kim-Tith",154,-154,NA,NA,NA,NA,NA,NA,1745,NA,608.1285,755,"1363.1285",27729.2802606429,10.2302441830131,20796.9601954822,34661.6003258036,"McIntosh et al. 1988",NA
"84",84,84,"Haplocanthosaurus priscus","Haplocanthosauruspriscus","CM 572","neo","LJ",NA,154,-154,NA,NA,NA,NA,NA,NA,NA,326,518,645.3072,"1163.3072",18371.3936006814,9.81855003818864,13778.5452005111,22964.2420008518,"Benson et al. 2018",NA
"85",85,85,"Huabeisaurus allocotus ","Huabeisaurusallocotus","HBV-20001","tsf","LK",NA,83,-83,"AS",NA,NA,NA,NA,NA,1180,NA,515.7615,645,"1160.7615000000001",18266.9973761202,9.81285128863624,13700.2480320901,22833.7467201502,"pers. obs.",NA
"86",86,86,"Huangshanlong anhuiensis","Huangshanlonganhuiensis",NA,"saur","MJ",NA,169,-169,"AS",NA,140,NA,NA,NA,NA,NA,393,501.8822,"894.88220000000001",9268.72268721749,9.13440085912182,6951.54201541312,11585.9033590219,"Huang et al. 2014",NA
"87",87,87,"Ingentia prima","Ingentiaprima","PVSJ 1086","saur","LT","Nor-Rhae",213,-213,"SA",NA,80,630,NA,NA,NA,NA,248,335.5092,"583.50919999999996",3015.70726936429,8.01158966518795,2261.78045202322,3769.63408670536,"Apaldetti et al. 2018",NA
"88",88,88,"Isanosaurus attavipachi","Isanosaurusattavipachi","CH4","saur","LT",NA,216,-216,"AS",NA,NA,NA,NA,NA,760,NA,255.4545,335,"590.45450000000005",3111.26089552156,8.04278335565126,2333.44567164117,3889.07611940195,"Buffetaut et al. 2000; pers obs",NA
"89",89,89,"Isisaurus colberti","Isisauruscolberti","ISI R335","ti","LK","Maa",68,-68,"IN",NA,NA,NA,NA,NA,NA,NA,488,610.8852,"1098.8851999999999",15839.6530827588,9.67027176378759,11879.7398120691,19799.5663534485,"Jain and Bandyopadhyay 1997",NA
"90",90,90,"Jainosaurus septentrionalis","Jainosaurusseptentrionalis","BMNH R5931","ti","LK","Maa",68,-68,"IN",NA,144,952,NA,206,1288,353,419,527,"946",10716.8137203415,9.27956916286384,8037.61029025615,13396.0171504269,"Benson et al. 2018",NA
"91",91,91,"Janenschia robusta","Janenschiarobusta","MB.R.2095.7","saur","LJ",NA,154,-154,"AF",NA,NA,NA,129,222,1249,NA,449.4252,566,"1015.4252",12892.6401336333,9.4644118952578,9669.48010022496,16115.8001670416,"Mannion et al. 2019",NA
"92",92,92,"Jiangshanosaurus lixianensis","Jiangshanosauruslixianensis","ZMNH M1322","tsf","LK","Cen",96,-96,"AS",NA,NA,NA,NA,NA,NA,NA,519.96,650,"1169.96",18645.9272366834,9.83338302249374,13984.4454275125,23307.4090458542,"Mannion et al. 2019",NA
"93",93,93,"Jobaria tiguidensis ","Jobariatiguidensis","F170","saur","MJ-LJ",NA,163,-163,"AF",NA,NA,NA,NA,NA,NA,NA,586,730,"1316",25310.4297433828,10.1389718325883,18982.8223075371,31638.0371792285,"pers. obs.",NA
"94",94,94,"Jordan titanosaur -- new genus and species","Jordantaxon","UMMP 14372","salt","LK","Maa",68,-68,"AF",NA,NA,NA,NA,NA,570,NA,205.0725,275,"480.07249999999999",1801.09724501909,7.49615133873165,1350.82293376431,2251.37155627386,"Wilson et al., 2006; D'Emic and Wilson, 2012; pers. obs.",NA
"95",95,95,"Kaijutitan maui","Kaijutitanmaui","MAU-Pv-CM-522","ti","LK","Con",88,-88,"SA",NA,200,NA,NA,NA,NA,NA,537,667.1078,"1204.1077999999998",20094.2611566869,9.90818953868742,15070.6958675152,25117.8264458586,"Filippi et al. 2019",NA
"96",96,96,"Klamelisaurus gobiensis","Klamelisaurusgobiensis","IVPP V9492","saur","LJ","Ox",157,-157,"AS",NA,143,920,NA,195,1200,NA,400,515,"915",9823.35463377366,9.19251795541286,7367.51597533024,12279.1932922171,"McPhee et al. 2018",NA
"97",97,97,"Kotasaurus yamanpalliensis","Kotasaurusyamanpalliensis",NA,"saur","EJ","Sin-Plie",191,-191,"AS",70,110,750,80,160,1170,NA,320,427,"747",5774.92884651664,8.66128121436459,4331.19663488748,7218.6610581458,"McPhee et al. 2018",NA
"98",98,98,"Kunmingosaurus wudingensis","Kunmingosauruswudingensis",NA,"saur","EJ","Het-Sin",196,-196,"AS",NA,NA,NA,105,120,880,NA,247.8972,326,"573.8972",2886.46757925525,7.96778874258454,2164.85068444143,3608.08447406906,"McPhee et al. 2018",NA
"99",99,99,"Laplatasaurus araukanicus","Laplatasaurusaraukanicus","MLP-CS 1128","ti","LK","Cam",76,-76,"SA",NA,NA,NA,NA,NA,NA,270,389.6578731,494.823,"884.48087310000005",8989.64350723093,9.10382847231133,6742.2326304232,11237.0543840387,"Gallina & Otero, 2015",NA
"100",100,100,"Ledumahadi mafube","Ledumahadimafube","BP/1/7120","saur","EJ",NA,197,-197,"AF",NA,NA,NA,NA,NA,1020,NA,428.940695992513,540,"968.94069599251247",11408.7564324814,9.34213644765092,8556.56732436102,14260.9455406017,"McPhee et al. 2018",NA
"101",101,101,"Lessemsaurus sauropoides","Lessemsaurussauropoides","CRILAR PV-302","saur","LT","Nor",217,-217,"SA",NA,52,485,94,122,830,NA,263.8515,345,"608.85149999999999",3373.26535477238,8.12363650222298,2529.94901607928,4216.58169346547,"McPhee et al. 2018",NA
"102",102,102,"Ligabuesaurus leanzai","Ligabuesaurusleanzai","MCF PHV 233","tsf","EK","Apt",118,-118,"SA",NA,NA,NA,NA,NA,1725,NA,500,616,"1116",16490.0450859415,9.71051214968826,12367.5338144561,20612.5563574269,"pers. obs.",NA
"103",103,103,"Limaysaurus tessonei","Limaysaurustessonei","MUCPv-205","doidea","LK","Cen",98,-98,"SA",76,139,900,NA,220,1440,NA,390,578,"968",11379.8630704645,9.33960067513556,8534.89730284835,14224.8288380806,"McPhee et al. 2018",NA
"104",104,104,"Lingwulong shenqi","Lingwulongshenqi",NA,"doidea","MJ","Toar-Baj",174,-174,"AS",NA,165,NA,NA,245,NA,NA,453,641,"1094",15656.9215080805,9.65866836708318,11742.6911310604,19571.1518851007,"Xu et al., 2018",NA
"105",105,105,"Lirainosaurus astibiae","Lirainosaurusastibiae","MGUV 17165","ti","LK","Cam-Maa",70,-70,"EU",NA,NA,NA,NA,NA,NA,NA,400,509.914,"909.91399999999999",9681.27883092812,9.17794928217785,7260.95912319609,12101.5985386602,"Company 2010; J. Company, pers. comm. 2011",NA
"106",106,106,"Lohuecotitan pandafilandi","Lohuecotitanpandafilandi","HUE-03108","ti","LK","Cam-Maa",71,-71,"EU",NA,NA,NA,NA,NA,NA,NA,314.2335,405,"719.23350000000005",5228.35299425838,8.56185159240705,3921.26474569378,6535.44124282297,"Díez Díaz et al., 2016",NA
"107",107,107,"Losillasaurus giganteus","Losillasaurusgiganteus","Lo-7","neo","LJ","Tith-Berr",145,-145,"EU",158,265,1430,NA,NA,NA,NA,693,846.1022,"1539.1021999999998",37976.219023628,10.5447154276368,28482.164267721,47470.2737795349,"McPhee et al. 2018",NA
"108",108,108,"Lourinhasaurus alenquerensis","Lourinhasaurusalenquerensis","no #","neo","LJ","Kim-Tith",154,-154,"EU",NA,NA,NA,NA,NA,1740,NA,547,785,"1332",26116.6185393672,10.1703271163333,19587.4639045254,32645.773174209,"Lapparent and Zbyszewski 1957",NA
"109",109,109,"Lusotitan atalaiensis ","Lusotitanatalaiensis","no #","br","LJ","Kim-Tith",154,-154,"EU",NA,NA,NA,NA,NA,2000,NA,615,756.605,"1371.605",28178.6082549022,10.2463183965433,21133.9561911767,35223.2603186278,"Mannion pers. comm. 2011",NA
"110",110,110,"Magyarosaurus dacus","Magyarosaurusdacus","BMNH R3856, R3855","ti","LK","Maa",68,-68,"EU",NA,NA,410,NA,NA,475,NA,165,180,"345",749.14685199782,6.61893502838171,561.860138998365,936.433564997275,"McPhee et al. 2018",NA
"111",111,111,"Malawisaurus dixeyi ","Malawisaurusdixeyi","MAL-201","ti","EK",NA,125,-125,"AF",NA,NA,NA,NA,NA,1450,NA,301,396.3214,"697.32140000000004",4820.25927975897,8.480582998079,3615.19445981923,6025.32409969872,"Gomani 2005",NA
"112",112,112,"Mamenchisaurus constructus","Mamenchisaurusconstructus","IVPP V946","saur","LJ",NA,153,-153,"AS",NA,185,970,NA,NA,1230,NA,509,580,"1089",15471.2301063735,9.64673745600859,11603.4225797801,19339.0376329668,"McPhee et al. 2018",NA
"113",113,113,"Mamenchisaurus hochuanensis","Mamenchisaurushochuanensis","no number","saur","LJ",NA,153,-153,"AS",NA,NA,NA,NA,NA,1275,NA,495.6087,621,"1116.6087",16513.4703951949,9.71193171441315,12385.1027963962,20641.8379939936,"Young and Zhao 1972; Mazzetta et al. 2004",NA
"114",114,114,"Mamenchisaurus youngi","Mamenchisaurusyoungi","ZDM 0083","saur","LJ",NA,153,-153,"AS",80,110,835,100,150,1125,NA,328,419,"747",5774.92884651664,8.66128121436459,4331.19663488748,7218.6610581458,"McPhee et al. 2018",NA
"115",115,115,"Mansourasaurus shahinae","Mansourasaurusshahinae","MUVP 200","ti","LK","Cam",76,-76,"AF",NA,120,NA,NA,NA,NA,NA,344,445.6596,"789.65959999999995",6680.36442155799,8.80692781916812,5010.27331616849,8350.45552694748,"Cashmore et al. 2020",NA
"116",116,116,"Maxakalisaurus topai  ","Maxakalisaurustopai","MN 5013-V","ti","LK","Cam-Maa",70,-70,"SA",NA,NA,NA,NA,NA,NA,NA,354,457.1336,"811.1336",7166.95145389769,8.87723566241129,5375.21359042327,8958.68931737211,"J. A. Wilson pers. comm 2011",NA
"117",117,117,"Mendozasaurus neguyelap ","Mendozasaurusneguyelap","IANIGLA-PV 073/4","ti","LK","Tur-Con",93,-93,"SA",NA,NA,NA,NA,NA,1485,NA,410.799,520,"930.79899999999998",10272.7764353921,9.23725261063079,7704.58232654411,12840.9705442402,"GonzalezRiga et al., 2018",NA
"118",118,118,"Meroktenos thabanensis","Meroktenosthabanensis","MNHN.F.LES16c","saur","EJ",NA,195,-195,"AF",NA,NA,NA,52,82,480,NA,167.286,230,"397.286",1090.38039651388,6.99428190196859,817.785297385411,1362.97549564235,"Peyre de Fabrègues & Allain 2016",NA
"119",119,119,"Mierasaurus bobyoungi","Mierasaurusbobyoungi","DBGI 39","neo","EK","Ber-Apt",121,-121,NA,NA,NA,NA,NA,198,NA,NA,413.3181,523,"936.31809999999996",10432.671173025,9.25269762000184,7824.50337976874,13040.8389662812,"Royo-Torres et al. 2017",NA
"120",120,120,"Mnyamawamtuka moyowamkia","Mnyamawamtukamoyowamkia","RRBP 05834","ti","EK/LK","Apt-Cen",105,-105,"AF",NA,110,NA,NA,119,NA,NA,320,418.122,"738.12200000000007",5596.54914770023,8.62990546315447,4197.41186077517,6995.68643462529,"Gorscak & O'Connor 2019",NA
"121",121,121,"Moabosaurus utahensis","Moabosaurusutahensis","BYU 14783","neo","EK","Ber-Apt",121,-121,NA,NA,NA,NA,NA,224,NA,NA,467.8986,588,"1055.8986",14275.7006949179,9.5663141187779,10706.7755211884,17844.6258686473,"Britt et al. 2017",NA
"122",122,122,"MPEF PV 3098","MPEFPV3098","MPEF PV 3098","br","LJ","Ox-Tith",156,-156,"SA",NA,NA,NA,NA,NA,NA,NA,640,785.29,"1425.29",31126.9137278152,10.3458281171079,23345.1852958614,38908.6421597691,"Rauhut 2006; Carballido, pers. comm. 2011",NA
"123",123,123,"Muyelensaurus pecheni","Muyelensauruspecheni",NA,"ti","LK","Con-San",86,-86,"SA",NA,57,NA,NA,NA,NA,NA,193,272.4022,"465.40219999999999",1659.03076544735,7.41398883459194,1244.27307408551,2073.78845680918,"pers. obs.",NA
"124",124,124,"Narambuenatitan palomoi","Narambuenatitanpalomoi","MAU-Pv-N-425","ti","LK","Cam",76,-76,"SA",NA,NA,NA,NA,NA,1574,NA,350,415,"765",6147.1546506596,8.7237445953118,4610.3659879947,7683.9433133245,"L. Filippi pers. comm. 2011",NA
"125",125,125,"Neuquensaurus australis ","Neuquensaurusaustralis","MCS 5-8, -9","salt","LK","Cam",76,-76,"SA",NA,NA,NA,NA,NA,810,NA,294,380,"674",4407.99995721516,8.39117634112657,3305.99996791137,5509.99994651896,"pers. obs.",NA
"126",126,126,"Nigersaurus taqueti","Nigersaurustaqueti","G33-2a","doidea","EK",NA,125,-125,"AF",NA,NA,NA,NA,NA,NA,NA,232,317.1508,"549.1508",2569.55295004401,7.8514872133591,1927.16471253301,3211.94118755501,"pers. obs.",NA
"127",127,127,"Notocolossus gonzalezparejasi","Notocolossusgonzalezparejasi","UNCUYO-LD 301","ti","LK","Con-San",86,-86,"SA",NA,NA,NA,NA,NA,NA,NA,770,934.452,"1704.4519999999998",49435.6694711104,10.8084274966915,37076.7521033328,61794.586838888,"Gonzalez-Riga et al. 2016",NA
"128",128,128,"Oceanotitan dantasi","Oceanotitandantasi","SHN 181","tsf","LJ","Kim-Tith",154,-154,"EU",NA,NA,NA,NA,192,NA,NA,400.7226,508,"908.72260000000006",9648.17980326464,9.17452455511842,7236.13485244848,12060.2247540808,"Mocho et al. 2019",NA
"129",129,129,"Omeisaurus jiaoi","Omeisaurusjiaoi","ZDM 5050","saur","MJ","Baj-Call",166,-166,"AS",NA,135,1160,NA,NA,1400,NA,380,486.966,"866.96600000000001",8531.40598505447,9.05150945516265,6398.55448879086,10664.2574813181,"McPhee et al. 2018",NA
"130",130,130,"Omeisaurus junghsiensis","Omeisaurusjunghsiensis",NA,"saur","MJ","Baj-Call",166,-166,"AS",NA,143,NA,NA,NA,NA,NA,390,460,"850",8101.39966343343,8.99979212368743,6076.04974757507,10126.7495792918,"McPhee et al. 2018",NA
"131",131,131,"Omeisaurus maoianus","Omeisaurusmaoianus","ZNM N8510","saur","LJ",NA,153,-153,"AS",NA,NA,NA,NA,NA,1120,NA,393.1653,499,"892.1653",9195.32271747842,9.12645023348381,6896.49203810881,11494.153396848,"Feng et al. 2001",NA
"132",132,132,"Omeisaurus maoianus2","Omeisaurusmaoianus2",NA,"saur","MJ","Baj-Call",166,-166,"AS",85,125,785,NA,185,1120,NA,340,470,"810",7140.74114081421,8.87357185118114,5355.55585561066,8925.92642601776,"McPhee et al. 2018",NA
"133",133,133,"Omeisaurus puxiani","Omeisauruspuxiani","CLGRP V00005","saur","MJ",NA,169,-169,"AS",NA,124,NA,NA,139,NA,NA,354,374,"728",5397.33421011648,8.59366044586654,4048.00065758736,6746.6677626456,"Tan et al. 2020",NA
"134",134,134,"Omeisaurus tianfuensis","Omeisaurustianfuensis","T5701","saur","LJ",NA,153,-153,"AS",NA,NA,NA,NA,NA,1310,NA,415.8372,526,"941.83720000000005",10594.0741451236,9.26805008086454,7945.55560884272,13242.5926814045,"He et al. 1988; Mazzetta et al. 2004",NA
"135",135,135,"Opisthocoelicaudia skarzynskii","Opisthocoelicaudiaskarzynskii","ZPAL MgD-I/48","salt","LK","Maa",68,-68,"AS",NA,220,1000,108,280,1395,NA,565,680,"1245",21916.0590928416,9.99497493898802,16437.0443196312,27395.073866052,"Borsuk-Bialynicka 1977",NA
"136",136,136,"Paludititan nalatzensis","Paludititannalatzensis","UBB NVM1-53","ti","LK","Maa",68,-68,"EU",NA,NA,NA,NA,NA,NA,NA,237.8208,314,"551.82079999999996",2602.66174924252,7.86428995004388,1951.99631193189,3253.32718655314,"J. A. Wilson pers. comm 2011",NA
"137",137,137,"Panamericansaurus schroederi","Panamericansaurusschroederi","MUCPv-417","ti","LK","Cam-Maa",71,-71,"SA",NA,NA,1230,NA,NA,NA,NA,418,530.5672,"948.56719999999996",10792.9373265935,9.28664724795159,8094.70299494515,13491.1716582419,"Calvo & Porfiri, 2010",NA
"138",138,138,"Paralititan stromeri","Paralititanstromeri","CGM 81119","ti","LK","Cen",96,-96,"AF",NA,NA,1690,NA,NA,NA,NA,720,877.082,"1597.0819999999999",41787.0322644184,10.640341337472,31340.2741983138,52233.7903305229,"Smith et al. 2001; McPhee et al. 2018",NA
"139",139,139,"Patagosaurus fariasi","Patagosaurusfariasi","PVL 4170","saur","MJ","Aal-Baj",171,-171,"SA",NA,NA,NA,NA,NA,1270,NA,540.9525,675,"1215.9524999999999",20612.0884024004,9.9336329983192,15459.0663018003,25765.1105030005,"McPhee et al. 2018",NA
"140",140,140,"Patagotitan mayorum","Patagotitanmayorum","MPEF-PV 3400/27","ti","EK","Alb",101,-101,"SA",NA,NA,NA,NA,NA,2350,NA,759.2745,935,"1694.2745",48677.143747094,10.792964871327,36507.8578103205,60846.4296838675,"Carballido et al., 2017",NA
"141",141,141,"Pellegrinisaurus powelli","Pellegrinisauruspowelli","MPCA 1500","salt","LK","Cam",76,-76,"SA",NA,NA,NA,NA,NA,NA,NA,389.8065,495,"884.80650000000003",8998.30159203163,9.10479112651352,6748.72619402372,11247.8769900395,"pers. obs.","average of two femora"
"142",142,142,"Petrobrasaurus puestohernandezi","Petrobrasauruspuestohernandezi","MAU-Pv-PH-449","ti","LK","San",85,-85,"SA",NA,155,NA,NA,235,1575,NA,491.4102,616,"1107.4101999999998",16161.6276031026,9.69039504501714,12121.2207023269,20202.0345038782,"Filippi et al. 2011",NA
"143",143,143,"Phuwiangosaurus sirindhornae  ","Phuwiangosaurussirindhornae","PW 1-8, -16, -17","tsf","EK","Ber-Apt",121,-121,"AS",NA,NA,NA,NA,NA,1250,NA,380,570,"950",10835.5661592131,9.29058916541688,8126.67461940983,13544.4576990164,"pers. obs.",NA
"144",144,144,"Pitekunsaurus macayai ","Pitekunsaurusmacayai","MAU-Pv-AG-446","ti","LK","Cam",76,-76,"SA",NA,NA,NA,NA,NA,1200,NA,324.3099,417,"741.30989999999997",5660.20779706251,8.64121588378524,4245.15584779688,7075.25974632814,"pers. obs.",NA
"145",145,145,"Qingxiusaurus youjiangensis","Qingxiusaurusyoujiangensis","NHMG 8499","ti","LK",NA,83,-83,"AS",NA,155,NA,NA,NA,NA,NA,429,543.1886,"972.18859999999995",11508.8588751058,9.35087235475983,8631.64415632935,14386.0735938823,"Mo et al. 2008",NA
"146",146,146,"Rapetosaurus krausei ","Rapetosauruskrausei","FMNH PR 2342","ti","LK","Maa",68,-68,"MAD",NA,NA,NA,NA,NA,1434,NA,444.387,560,"1004.3870000000001",12530.2493097388,9.43590094471842,9397.68698230413,15662.8116371736,"pers. obs.",NA
"147",147,147,"Rayososaurus agrioensis  ","Rayososaurusagrioensis","MACN-N41","doidea","LK","Cen",96,-96,"SA",NA,NA,NA,NA,NA,1250,NA,289.0425,375,"664.04250000000002",4238.80849706711,8.35203749389127,3179.10637280034,5298.51062133389,"Carballido et al. 2011, Carballido pers. comm. 2011",NA
"148",148,148,"Rebbachisaurus garasbae ","Rebbachisaurusgarasbae","no #","doidea","LK","Cen",96,-96,"AF",NA,NA,NA,NA,NA,1667,NA,463.7001,583,"1046.7001",13953.8197520041,9.54350856711635,10465.3648140031,17442.2746900051,"Lavocat 1954",NA
"149",149,149,"Rhoetosaurus brownei ","Rhoetosaurusbrownei","QM F1659","saur","MJ","Bath-Call",166,-166,"AU",NA,NA,NA,NA,NA,1485,NA,558.5862,696,"1254.5862",22357.0954977023,10.0148990215912,16767.8216232767,27946.3693721278,"J. Nair pers. comm. 2011",NA
"150",150,150,"Rinconsaurus caudamirus","Rinconsauruscaudamirus",NA,"ti","LK","Con",88,-88,"SA",NA,NA,NA,NA,NA,990,NA,259.653,340,"599.65300000000002",3240.63973019592,8.0835260368875,2430.47979764694,4050.7996627449,"pers. obs.",NA
"151",151,151,"Rukwatitan bisepultus","Rukwatitanbisepultus","RRBP 0315","ti",NA,"Apt-Cen",105,-105,"AF",NA,114,NA,NA,NA,NA,NA,330,429.596,"759.596",6033.90980759781,8.705150472242,4525.43235569835,7542.38725949726,"Cashmore et al. 2020",NA
"152",152,152,"Ruyangosaurus_giganteus","Ruyangosaurus_giganteus","41HIII-0002","ti","LK","Cen-Tur",94,-94,"AS",NA,NA,NA,NA,330,NA,NA,734.0835,905,"1639.0835",44686.5729881731,10.7074283549006,33514.9297411298,55858.2162352164,"pers. obs.",NA
"153",153,153,"Saltasaurus loricatus","Saltasaurusloricatus","PVL  4017-63","salt","LK","Cam-Maa",71,-71,"SA",NA,NA,NA,NA,NA,NA,NA,350,452.544,"802.54399999999998",6969.80759905222,8.84934289922037,5227.35569928916,8712.25949881527,"Powell 2003",NA
"154",154,154,"Sanpasaurus yaoi","Sanpasaurusyaoi","IVPP V156B","saur","EJ",NA,197,-197,"AS",NA,NA,NA,NA,NA,NA,NA,262,351.5728,"613.57280000000003",3442.60825032181,8.14398467537256,2581.95618774136,4303.26031290227,"McPhee et al. 2016",NA
"155",155,155,"Sauropoda indet.1","Sauropodaindet.1","NMQR 3314","saur","EJ","Het-Sin",196,-196,"AF",NA,NA,433,NA,NA,570,NA,182,249,"431",1353.53157925882,7.21047244033653,1015.14868444411,1691.91447407352,"McPhee et al. 2018",NA
"156",156,156,"Sauropoda indet.2","Sauropodaindet.2","NMQR 1551","saur","LT","Nor-Rhae",213,-213,"AF",NA,NA,450,NA,101,638,NA,185,275,"460",1608.5144930226,7.38306635691054,1206.38586976695,2010.64311627825,"McPhee et al. 2018",NA
"157",157,157,"Sauroposeidon proteles ","Sauroposeidonproteles","OMNH 53062","tsf","EK","Apt-Alb",112,-112,NA,NA,NA,NA,NA,NA,NA,NA,700.74741,865.3,"1566.0474099999999",39719.7961194116,10.5896049852006,29789.8470895587,49649.7451492645,"pers. obs.","OMNH 53062 scaled from  FWMSH
93B-10-25 (circumferecne 509 mm) based on ratio between average of cervical vertebra 6 lengths (OMNH 53062 = 1180 mm versus FWMSH 93B-10-28 = 640 mm) and cervical vertebra 8 lengths (OMNH 53062 = 1250 mm versus FWMSH 93B-10-29 = 800 mm). 1180/640 = 1.84; 1250/80 = 1.56; average of 1.84 and 1.56 = 1.7. Circumference of FWMSH 93B-10-25 is 509 mm. All measurements pers. obs."
"158",158,158,"Savannasaurus elliottorum","Savannasauruselliottorum","AODF660","ti","LK","Cen",96,-96,"AU",NA,NA,NA,NA,NA,NA,NA,602,741.6888,"1343.6887999999999",26715.3044780347,10.1929918815957,20036.478358526,33394.1305975433,"Hocknull et al. 2021",NA
"159",159,159,"Schleitheimia","Schleitheimia","MzA NAT15046,","saur","LT","Nor",210,-210,"EU",NA,68,NA,NA,NA,NA,NA,220,303.382,"523.38200000000006",2263.25502671525,7.72455933336943,1697.44127003644,2829.06878339406,"Rauhut et al. 2020",NA
"160",160,160,"Shingopana songwensis","Shingopanasongwensis","RRBP 02100","ti","EK/LK","Apt-Cen",105,-105,"AF",NA,NA,NA,NA,NA,NA,NA,330,429.596,"759.596",6033.90980759781,8.705150472242,4525.43235569835,7542.38725949726,"Gorscak et al. 2017",NA
"161",161,161,"Shunosaurus lii","Shunosauruslii","IVPP V9065","saur","EJ","Cal",163,-163,"AS",NA,114,720,NA,165,1200,NA,330,440,"770",6253.08201654269,8.74082974383226,4689.81151240702,7816.35252067836,"McPhee et al. 2018",NA
"162",162,162,"Sonorasaurus thompsoni","Sonorasaurusthompsoni","ADSM 500","tsf","EK/LK","Alb-Cen",100,-100,NA,122,168,NA,NA,NA,NA,NA,475,595.969,"1070.9690000000001",14812.747471626,9.60324340468314,11109.5606037195,18515.9343395325,"D'Emic et al. 2016",NA
"163",163,163,"Soriatitan golmayensis","Soriatitangolmayensis","MNS 2001/122.611","tsf",NA,"Haut-Barr",129,-129,"SA",NA,NA,NA,NA,170,NA,NA,170,452,"622",3568.5377204885,8.17991118875977,2676.40329036637,4460.67215061062,"Royo-Torres et al. 2017; Cashmore et al. 2020",NA
"164",164,164,"Spinophorosaurus nigerensis","Spinophorosaurusnigerensis",NA,"saur","MJ",NA,169,-169,"AF",NA,150,1121,100,180,1215,NA,417,478,"895",9271.9132359291,9.13474502733227,6953.93492694682,11589.8915449114,"McPhee et al. 2018",NA
"165",165,165,"Suuwassea emilieae","Suuwasseaemilieae","ANS 21122","doidea","LJ","Kim-Tith",154,-154,NA,NA,NA,NA,NA,NA,NA,NA,402,512.2088,"914.2088",9801.16976524231,9.19025702133561,7350.87732393173,12251.4622065529,"Harris, 2007",NA
"166",166,166,"Tangvayosaurus hoffeti","Tangvayosaurushoffeti","TV 4-1","tsf","EK","Apt-Alb",112,-112,"AS",NA,NA,NA,NA,NA,1605,NA,560.2656,698,"1258.2655999999999",22527.7944845051,10.0225051362468,16895.8458633788,28159.7431056314,"pers. obs.",NA
"167",167,167,"Tapuiasaurus macedoi","Tapuiasaurusmacedoi","MZSP-PV 807","ti","EK","Apt",120,-120,"SA",NA,NA,NA,NA,175,NA,NA,364.6155,465,"829.6155",7602.58780061476,8.93624396839832,5701.94085046107,9503.23475076845,"McPhee et al. 2018",NA
"168",168,168,"Tastavinsaurus sanzi ","Tastavinsaurussanzi","MPZ-99/9","tsf","EK","Apt",118,-118,"EU",NA,NA,NA,NA,NA,1305,NA,435.99,550,"985.99",11940.1879807218,9.3876651306017,8955.14098554133,14925.2349759022,"Royo Torres et al. 2006",NA
"169",169,169,"Tazoudasaurus naimi ","Tazoudasaurusnaimi","To 1-4","saur","EJ","Pli-Toa",183,-183,"AF",NA,NA,NA,NA,NA,1230,NA,401,511.0614,"912.06140000000005",9741.11180309599,9.18411053828398,7305.83385232199,12176.38975387,"Peyer and Allain 2010",NA
"170",170,170,"Tehuelchesaurus benitezii","Tehuelchesaurusbenitezii","MPEF 1125-J","neo","LJ","Ox-Tith",156,-156,"SA",NA,NA,NA,NA,NA,1600,NA,615,756.605,"1371.605",28178.6082549022,10.2463183965433,21133.9561911767,35223.2603186278,"pers. obs.",NA
"171",171,171,"Titanosauria indet.","Titanosauriaindet.","MOZ-Pv 1221","ti","LK","Cen",96,-96,"SA",NA,NA,NA,NA,NA,NA,NA,NA,NA,NA,54379.2364182215,10.9037376764958,40784.4273136661,67974.0455227769,"Otero et al. 2021","mass  estimated as 10% more than Patagotitan mass (pubis is 10% larger, scapula 17% larger)"
"172",172,172,"Titanosauria indet. Los Bastos","Titanosauriaindet.LosBastos","MMS-PV-15","ti","LK","Tur-Con",93,-93,"SA",NA,NA,NA,NA,205,1150,NA,NA,541,"541",2470.08459073543,7.81200767629691,1852.56344305157,3087.60573841928,"Bellardini et al. in press",NA
"173",173,173,"Toba indet. Titanosauriform","Tobaindet.Titanosauriform","MPM Fo-0014","tsf","EK",NA,125,-125,"AS",NA,NA,NA,NA,NA,NA,NA,619,804,"1423",30997.5059171731,10.3416620259459,23248.1294378798,38746.8823964664,"Tomida et al. 2006",NA
"174",174,174,"Tonganosaurus hei","Tonganosaurushei","MCDUT 14454","saur","EJ","Pli",187,-187,"AS",NA,96,628,NA,147,840,NA,287,394,"681",4529.3748230005,8.41833920078542,3397.03111725037,5661.71852875062,"Li et al. 2010",NA
"175",175,175,"Tornieria africana","Tornieriaafricana","SMNS 12140; MB.R.2672 [A1]","doidea","LJ","Tith",148,-148,"AF",NA,NA,NA,NA,NA,1420,NA,430,550,"980",11751.7972352684,9.37176146406876,8813.84792645133,14689.7465440855,"Remes 2006; est. from K. Remes pers. comm. 2011",NA
"176",176,176,"Traukutitan eocaudata","Traukutitaneocaudata","MUCPv 204","ti","LK",NA,85,-85,"SA",NA,NA,NA,NA,NA,1860,NA,642.5562,796,"1438.5562",31883.0305580219,10.3698291898046,23912.2729185164,39853.7881975274,"McPhee et al. 2018",NA
"177",177,177,"Trigonosaurus pricei","Trigonosauruspricei","DGM Series B","salt","LK","Cam-Maa",71,-71,"SA",NA,NA,NA,NA,NA,1200,NA,324.3099,417,"741.30989999999997",5660.20779706251,8.64121588378524,4245.15584779688,7075.25974632814,"pers. obs.","estimate based on Pitekunsaurus which is nearly identical in size"
"178",178,178,"Turiasaurus riodevensis","Turiasaurusriodevensis","CPT-1195 to -1210","saur","LJ-EK","Tith-Berr",145,-145,"EU",NA,NA,NA,NA,NA,2219,NA,755,917.241,"1672.241",47059.2351142679,10.7591624087338,35294.4263357009,58824.0438928349,"Royo Torres et al. 2006",NA
"179",179,179,"Uberabatitan ribeiroi","Uberabatitanribeiroi","CPT 894-UrC, 1030-UrHo, 898-UrB","ti","LK","Maa",68,-68,"SA",NA,NA,NA,NA,119,NA,NA,246.2178,324,"570.21780000000001",2837.91196568351,7.95082383739514,2128.43397426263,3547.38995710439,"Silva Junior et al. 2019",NA
"180",180,180,"Volkheimeria chubutensis","Volkheimeriachubutensis","PVL 4077","saur","MJ",NA,169,-169,"SA",NA,NA,NA,72,89,655,NA,189.9579,257,"446.9579",1490.49015958264,7.30686031100484,1117.86761968698,1863.11269947829,"McPhee et al. 2018",NA
"181",181,181,"Vouivria damparisensis ","Vouivriadamparisensis","MNHN.F.1934.6 DAM 19, 28–30","br","LJ","Ox",158,-158,"EU",NA,NA,NA,NA,NA,1460,NA,450,600,"1050",14068.7784660933,9.55171332800925,10551.58384957,17585.9730826166,"Mannion et al. 2017",NA
"182",182,182,"Vulcanodon karibaensis","Vulcanodonkaribaensis","NMZ QG24","saur","EJ","Het",198,-198,"AF",NA,NA,NA,NA,NA,1100,NA,385.608,490,"875.60799999999995",8755.67635183685,9.07745749494417,6566.75726387764,10944.5954397961,"Yates and Kitching 2003; est. from Cooper 1984",NA
"183",183,183,"Wintonotitan wattsi","Wintonotitanwattsi","QMF 7292","ti","LK","Cen",96,-96,"AU",NA,NA,NA,NA,NA,NA,NA,583,719.8882,"1302.8881999999999",24661.1736261759,10.1129853678882,18495.8802196319,30826.4670327199,"McPhee et al. 2018; Hocknull et al. 2021",NA
"184",184,184,"Xianshanosaurus shijiagouensis","Xianshanosaurusshijiagouensis","KLR-07-62","ti","EK",NA,125,-125,"AS",NA,NA,NA,NA,192,1260,NA,461.181,580,"1041.181",13762.8324345784,9.52972693584027,10322.1243259338,17203.540543223,"Lu et al. 2009",NA
"185",185,185,"Xinjiangtitan shanshanesis","Xinjiangtitanshanshanesis","SSV1201","saur","MJ",NA,165,-165,"AS",NA,NA,NA,NA,NA,NA,NA,645.915,800,"1445.915",32307.2038864758,10.3830455148842,24230.4029148568,40384.0048580947,"Wu et al. 2003",NA
"186",186,186,"Yuanmousaurus jiangyiensis ","Yuanmousaurusjiangyiensis","YMV 601","saur","MJ",NA,169,-169,"AS",NA,NA,NA,NA,NA,1370,NA,360,450,"810",7140.74114081421,8.87357185118114,5355.55585561066,8925.92642601776,"Lu et al. 2006",NA
"187",187,187,"Yunmenglong ruyangensis","Yunmenglongruyangensis","1HIII-0006","tsf","EK","Apt-Alb",112,-112,"AS",NA,NA,NA,NA,360,NA,NA,755.9157,931,"1686.9157",48133.1091909705,10.7817255600646,36099.8318932279,60166.3864887131,"Lu et al. 2013",NA
"188",188,188,"Zapalasaurus bonapartei ","Zapalasaurusbonapartei","PV-6127-MOZ","doidea","EK","Barr-Apt",121,-121,"SA",NA,NA,NA,NA,NA,NA,NA,362.9361,463,"825.93610000000001",7514.60762619162,8.92460408874036,5635.95571964371,9393.25953273952,"est. from Salgado et al. 2006; Whitlock pers. comm. 2011",NA
"189",189,189,"Zby atlanticus","Zbyatlanticus","ML 368","neo","LJ","Kim",154,-154,"EU",NA,NA,NA,NA,NA,NA,NA,620,762.342,"1382.3420000000001",28754.0655280375,10.266534445899,21565.5491460281,35942.5819100469,"Mateus et al. 2014",NA
"190",190,190,"Zhuchengtitan zangjiazhuangensis","Zhuchengtitanzangjiazhuangensis",NA,"ti","LK","Con-Cam",81,-81,"AS",NA,231,NA,NA,NA,NA,NA,611,752.0154,"1363.0153999999998",27723.3145875478,10.2300290200208,20792.4859406608,34654.1432344347,"Cashmore et al. 2020",NA
"191",191,191,NA,NA,NA,NA,NA,NA,NA,NA,NA,NA,NA,NA,NA,NA,NA,NA,NA,NA,"median",11751.7972352684,9.37176146406876,8813.84792645133,14689.7465440855,NA,NA
"192",192,192,NA,NA,NA,NA,NA,NA,NA,NA,NA,NA,NA,NA,NA,NA,NA,NA,NA,NA,"mean",16142.4980518771,9.31182385813196,12106.8735389079,20178.1225648464,NA,NA
"193",193,193,NA,NA,NA,NA,NA,NA,NA,NA,NA,NA,NA,NA,NA,NA,NA,NA,NA,NA,NA,NA,NA,NA,NA,NA,NA
"194",194,194,NA,NA,NA,NA,NA,NA,NA,NA,NA,NA,NA,NA,NA,NA,NA,NA,NA,NA,NA,NA,NA,NA,NA,NA,NA
"195",195,195,"Young individuals, excluded from analysis:",NA,NA,NA,NA,NA,NA,NA,NA,NA,NA,NA,NA,NA,NA,NA,NA,NA,NA,NA,NA,NA,NA,NA,NA
"196",196,196,"Bonatitan reigi","Bonatitanreigi","MACN 861",NA,NA,NA,NA,NA,NA,NA,NA,NA,NA,NA,NA,NA,NA,NA,NA,NA,NA,NA,NA,NA,NA
"197",197,197,"Arackar licanantay","Arackarlicanantay","SNGM-1",NA,NA,NA,NA,NA,NA,NA,NA,NA,NA,NA,NA,NA,NA,NA,NA,NA,NA,NA,NA,NA,NA
"198",198,198,"Bonitasaura salgadoi","Bonitasaurasalgadoi","MPCA 460",NA,NA,NA,NA,NA,NA,NA,NA,NA,NA,NA,NA,NA,NA,NA,NA,NA,NA,NA,NA,NA,NA
"199",199,199,"Lapparantosaurus madagascariensis","Lapparantosaurusmadagascariensis",NA,NA,NA,NA,NA,NA,NA,NA,NA,NA,NA,NA,NA,NA,NA,NA,NA,NA,NA,NA,NA,NA,NA
"200",200,200,"Rocasaurus muniozi","Rocasaurusmuniozi","MPCA Pv 56",NA,NA,NA,NA,NA,NA,NA,NA,NA,NA,NA,NA,NA,NA,NA,NA,NA,NA,NA,NA,NA,NA
